calls,minutes,messages,mb_used,is_ultra
40,311.9,83,19915.42,0
85,516.75,56,22696.96,0
77,467.66,86,21060.45,0
106,745.53,81,8437.39,1
66,418.74,1,14502.75,0
58,344.56,21,15823.37,0
57,431.64,20,3738.9,1
15,132.4,6,21911.6,0
7,43.39,3,2538.67,1
90,665.41,38,17358.61,0
82,560.51,20,9619.53,1
45,344.32,13,19898.81,0
51,437.13,61,21523.58,0
56,433.07,16,16702.36,0
108,587.9,0,14406.5,1
6,22.13,0,2710.09,0
2,18.73,0,588.89,0
26,163.62,4,16870.34,0
79,532.62,90,19908.31,0
49,341.67,81,11770.28,1
93,691.37,31,25950.28,1
56,411.46,97,15393.91,0
48,351.6,66,16469.9,1
11,96.05,19,2305.74,0
56,360.3,30,13560.15,0
53,356.22,52,22471.77,0
81,624.71,38,8644.66,1
154,1078.64,48,29335.15,1
37,286.68,44,19542.45,0
50,358.01,44,9998.83,1
41,276.81,0,19815.62,0
10,77.09,31,643.15,0
71,530.13,27,20698.51,0
65,482.35,7,23064.58,1
110,776.85,9,20790.93,1
120,814.85,0,20427,1
76,543.18,43,31845.11,1
64,422.69,0,11460.29,0
23,146.18,33,9711.45,0
81,519.48,34,12750.82,0
34,183.28,0,18631.66,0
11,85.31,7,10764.82,1
48,392.04,0,19122.13,0
50,323.99,10,20922.05,1
98,665.56,106,19538.83,0
35,235.58,97,20710.71,0
76,535.91,65,11968.22,0
49,327.45,0,12049.91,1
5,49.95,17,3370.69,1
58,474.92,11,17858.59,0
70,532.1,29,12403.26,0
124,842.4,75,21544.34,1
129,929.23,0,22508.96,1
67,421.27,33,14865.74,1
0,0,33,14010.33,1
13,106.03,16,37328.45,1
68,449.29,47,18171.2,0
91,585.09,49,27339.85,1
77,477.54,0,19090.74,1
51,356.39,33,20456.97,0
121,853.01,64,26605.94,1
114,823.58,144,30323.43,1
93,622.66,0,20894.56,1
125,814.53,61,16917.44,1
67,390.62,99,12991.39,0
98,677.18,46,16285.67,0
80,556.36,64,24049.46,0
33,238.7,24,9308.63,1
138,1009.11,64,27807.13,1
84,607.05,22,24875.03,0
77,546.2,55,11457.44,0
78,510.34,7,21765.5,0
69,477.53,7,21437.29,0
58,392.14,8,22525.18,0
63,427.64,93,19541.17,0
72,531.8,0,11299.6,0
73,633.22,21,18421.17,0
1,1,153,22753.12,1
73,562.27,11,17589.08,0
43,303.51,37,15063.41,0
118,843.3,69,28992.12,1
74,504.05,0,19154.16,0
76,593.59,18,15192.37,0
83,609.7,78,16715.68,0
56,397.14,42,8449.53,0
90,633.11,61,21561.54,0
141,1069.21,0,24091.36,1
51,326.34,82,29084.42,1
48,331.33,0,8000.36,0
69,525.67,27,20939.11,1
117,862.34,0,7929.83,1
54,416.22,0,19871.45,0
33,238.08,62,8470.33,0
70,527.63,40,21441.46,0
78,603.91,64,18962.5,0
101,666.9,57,16777.76,1
29,267.55,29,16996.83,0
83,538.83,60,13721.94,0
67,454.43,31,19776.5,0
66,434.59,17,9613.39,0
3,40.24,0,1392.19,0
107,804.97,66,17935.91,0
73,509.98,58,19427.62,0
74,540.81,17,20075.65,0
84,566.42,0,39307.06,1
29,226.01,20,12615.69,0
55,354.84,48,13662.74,0
65,515.26,7,22801.74,0
47,300.12,123,31244.61,1
35,256.82,0,9545,1
83,635.45,0,17498.53,1
53,386.82,3,22793,0
68,482.78,26,8620.51,0
49,323.15,11,22846.55,0
158,1078.86,51,30681.14,1
81,633.02,109,12617.75,0
87,626.62,0,20718.43,0
80,588.57,47,9863.23,0
28,215.41,0,6045.15,0
40,258.2,20,13804.51,0
59,468.88,48,16251.49,0
59,411.9,5,18418.16,0
55,443.09,49,17435.97,0
52,354.91,8,14602.26,0
72,520.21,39,14184.42,0
6,36.45,7,4617.1,0
129,848.86,0,13866.31,1
68,444.41,35,26460.37,1
44,359.39,43,15583.93,0
17,110.29,5,1009.95,0
111,784.47,97,28260.11,1
82,679.55,0,8647.95,0
52,378.64,51,12442.04,0
109,704.3,79,10603.12,0
79,465.79,78,33114.23,1
68,486.09,40,7357.66,1
85,464.24,9,18225.93,0
14,122.87,22,3370.13,0
92,627.52,52,39597.61,1
106,839.31,0,13269.8,0
94,647.46,57,17271.53,0
65,462.11,12,18704.86,0
46,336.63,34,16164.6,0
133,999.74,182,18198.53,1
53,340.04,38,15779.55,0
75,520.7,0,24596.12,0
64,521.3,29,19315.39,0
81,627.56,37,18603.43,0
38,268.76,0,27833.64,1
74,455.73,99,21694.92,0
92,661.27,66,19913.22,0
63,439.38,8,17706.59,0
60,414.8,0,14945.34,0
72,457.21,0,13976.58,0
58,359.27,36,12492.36,0
100,657.35,0,23039.76,1
33,228.98,12,18113.83,0
31,198.94,19,5877.08,0
64,454.63,126,17103.59,1
125,892.39,59,11741.36,1
61,495.11,8,10891.23,0
58,394.15,48,15605.44,0
58,452.14,57,14568.93,1
89,618.87,57,22924.76,0
72,507.52,38,3179.5,1
77,581.06,16,20897.19,0
74,555.29,22,21238.25,0
72,480.32,102,21924.63,0
50,366.78,14,18151.86,0
76,633.01,22,17689.05,0
27,179.47,82,19631.63,0
196,1279.75,133,26927.87,1
37,229.15,110,2000.51,0
64,403.51,54,19127.25,0
65,442.65,72,32950.36,1
65,429.96,103,16508.74,0
65,424.16,23,11043.53,0
110,801.62,37,5426.56,1
38,205.6,22,7972.12,0
24,141.63,26,8616.96,0
99,634.32,43,16436.32,0
75,487.72,60,25759.17,0
62,544.25,29,10049.81,0
162,993.11,106,20211.2,1
73,576.62,42,7865.58,0
53,368.86,54,22512.58,0
28,152.9,108,19726.18,0
116,745.4,66,26154.33,0
76,504.87,30,16845.7,0
40,311.79,24,9883.54,0
109,784.55,0,38102.2,1
62,456.88,42,23639.1,0
123,810.67,12,36684.49,1
18,101.35,34,13049.18,0
21,145.88,39,7084.12,0
125,874.85,22,20647.82,1
64,484.52,92,22217.15,0
12,107.25,5,2016.72,0
2,6.42,133,26247.41,1
86,591.06,73,11309.14,0
40,271.41,20,17284.45,0
33,259.07,60,17204.03,0
92,632.45,22,20221.48,1
31,213.77,0,16656.54,0
32,191.44,13,8557.66,0
95,672.78,15,3315.76,1
51,385.45,81,13649.65,0
39,257.93,15,6572.61,0
23,99.2,21,17001.87,0
65,459.14,10,21739.82,0
30,216.99,58,13507.58,0
83,631.15,0,18985,0
25,190.95,37,14253.53,0
25,191.06,11,8022.79,0
48,346.19,103,27346.62,1
35,267.67,25,18231.83,0
66,493.57,91,18527.96,0
57,373.01,0,13759.77,0
62,365.46,113,34224.57,1
87,531.47,6,12498.45,0
63,487.14,103,17265.06,0
98,729.83,105,18675.65,1
28,176.98,0,17970.04,0
110,881.06,72,11441.18,0
71,527.66,21,10541.22,0
17,153,48,4894.6,1
54,418.34,85,15291.95,0
111,717.16,191,38287.82,1
93,620.03,32,18175.55,0
23,140.59,23,19201.75,0
36,267.58,13,12737.08,0
64,431.95,24,28294.62,0
42,260.94,79,17519.93,1
57,412.38,50,15988.97,0
85,568.72,0,18009.33,0
76,513.55,50,14584.73,1
48,336.38,14,21902.41,0
56,469.49,145,15877.65,1
113,731.78,15,32645.76,1
9,65.65,11,1845.76,0
3,20.83,41,16736.31,0
5,27.01,0,2207.27,0
183,1247.04,150,29186.41,1
121,765.61,53,21445.05,1
156,1058.22,59,18932.66,1
65,471.52,7,15415.81,0
15,107.45,49,35656.3,1
0,0,35,16444.99,1
127,748.44,0,19369.15,0
47,340.53,57,12615.16,0
68,492.75,22,20559.09,0
84,520.61,58,19323.42,0
50,308.48,51,21387.26,0
106,802.98,171,12136.63,1
72,478.49,0,19817.84,0
40,225.89,12,13581.94,0
38,268.84,9,13197.15,0
23,188.32,62,21707.03,1
86,589.43,9,21046.69,0
96,709.88,176,33321.88,1
117,832.78,52,2949.68,1
58,414.18,27,23854.76,0
52,365.85,91,16879.69,1
68,466.21,48,15896.27,0
0,0,21,19559.55,0
60,442.02,16,18306.45,1
15,115.74,8,2346.7,0
52,371.86,21,30388.52,0
95,705.79,68,35108.25,0
47,324.8,75,14003.65,1
59,441.89,5,25106.39,1
62,509.38,40,21096.53,1
69,564.01,26,15656.78,0
81,541.46,48,21839.62,0
60,442.36,0,16446.23,0
46,344.02,35,20693.46,0
56,388.06,59,16033.76,0
72,493.93,36,16599.52,0
38,304.05,0,14252.15,1
31,234.2,99,25545.47,0
68,413.2,29,13526.61,1
58,373.49,50,13561.88,0
2,5.61,27,2866.41,1
40,334.5,0,21505.56,0
32,284.33,30,11559.5,0
16,93.79,103,19428.22,1
45,314.64,14,7332.79,0
4,19.33,7,3431.02,1
78,494.84,28,17029.77,0
43,299.87,76,15787.74,1
69,427.53,56,16205.78,1
123,873.57,71,4153.55,1
86,567.58,47,16861.08,1
9,83.23,0,14571.79,1
69,512.46,6,20024.92,0
76,544.53,0,13389.35,0
107,831.37,3,28836.53,0
85,490.25,57,16663.03,0
127,773.59,21,18982.5,1
43,235.81,43,23859.26,1
54,344.26,52,9501.03,0
62,404.81,78,16948.05,0
89,596.72,0,16321.47,1
68,387.05,73,17147.51,0
90,707.16,50,19860.99,1
57,347.66,16,22003.75,0
36,250.88,49,18965.02,0
54,312.85,10,7798.27,0
28,206.12,118,22591.45,1
102,700.76,0,8674.59,1
71,593.79,64,7543.67,0
87,619.68,26,21650.13,0
97,733.11,63,13156.81,0
15,104.41,17,4677.85,1
14,79.26,32,8246.64,0
87,593.3,17,17416.76,0
67,502.94,37,17033.1,1
56,420.2,40,14418.04,0
96,639.48,33,21557.06,0
89,648.83,27,20315.4,0
83,594.1,52,19667.05,0
38,237.78,5,4905.5,0
111,745,132,21100.46,1
68,444.1,0,19352.93,0
24,170.06,28,17305.61,0
30,175.95,13,12521.55,0
85,608.89,84,30357.44,1
83,597.15,19,22407.69,0
69,442.96,99,26423.48,0
52,399.87,81,14055.95,1
52,423.56,118,14503.8,1
13,104.03,2,7350.17,0
69,404.9,51,16805.65,0
93,687.92,78,16290.94,0
80,569.47,14,36524.04,0
60,458.83,51,11706.32,0
11,70.5,0,2042.74,0
57,415.75,66,10105.48,0
55,363.71,31,16303.01,0
108,676.29,71,18193.56,0
52,305.64,67,15329.36,0
108,728.68,4,14340.84,1
23,145.75,21,11655.67,0
78,477.07,0,17862.3,1
65,450.62,50,25264.01,0
79,469.68,16,20221.06,0
54,394.52,59,16207.41,0
24,151.72,23,5957.73,0
77,522.65,14,19462.45,0
56,418.4,39,25111.53,0
65,423.06,40,18625.97,0
0,0,8,35525.61,1
33,191.56,18,25160.62,0
68,493,29,20021.73,0
39,258.02,0,19998.8,0
29,203.9,0,39969.14,1
1,11.54,111,32758.53,1
39,221.18,59,17865.23,0
63,384.99,66,18007.59,0
58,383.34,5,8434.2,0
81,566.1,0,23426.08,0
72,497.93,46,12651.41,0
46,272.85,40,19628.84,0
110,714.16,2,35136.06,0
45,358.33,36,15723.08,1
20,131.97,23,26720.17,1
64,353.85,36,17413.75,0
61,342.96,21,16578.27,0
31,185.63,101,14344.72,0
59,338.25,18,18220.57,0
63,427.65,96,25048.13,0
104,701.82,91,8003.98,0
100,626.94,43,22690.35,1
106,796.41,1,9969.67,1
64,473.11,0,20822.07,0
81,533.34,0,8609.95,0
51,326.44,16,14514.98,0
56,390.22,40,19645.63,0
65,483.74,30,17996.6,0
51,426.24,112,5661.23,0
31,246.32,95,9659.38,1
82,521.66,30,13396.91,1
144,906.18,0,25002.44,1
49,237.73,52,15761.94,0
108,729.07,55,16094.82,0
86,702.31,32,22376.36,0
19,147.72,20,19476.83,0
39,284.06,47,10678.96,0
64,453.42,41,11830.26,0
118,908.61,54,29678.6,1
0,0,25,19088.67,1
40,238.62,16,24437.02,0
55,413.69,39,14360.59,0
99,685.98,51,18531.71,1
132,932.68,65,29263.64,1
131,828.18,89,19368.52,1
55,348.02,46,16121.99,0
80,547.01,54,21265.57,0
85,527.02,4,14368.42,0
32,235.03,16,18587.39,0
40,321.55,23,13138.65,0
49,310.83,0,19977.68,0
64,544.95,30,17090.92,0
40,285.77,6,19721.43,0
30,169.02,13,16626.53,0
73,545.17,71,21193.04,0
89,580.69,0,19640.23,0
59,433.05,37,24465.9,0
86,583.98,0,17230.89,0
63,440.74,46,15677.49,1
33,220.24,15,6547.66,0
1,1.78,38,20171.21,0
89,716.92,22,29139.66,1
67,424.2,37,31466.89,1
9,85.77,1,1600.29,0
62,462.41,143,16369.41,1
53,374.43,31,15505.15,0
74,539.51,27,7732.23,1
15,96.36,3,2827.29,0
91,686.38,62,20499.92,0
67,505.2,25,16225.71,0
78,483.22,28,9210.4,1
120,694.9,0,21547.26,1
91,599.49,40,28356.32,1
117,732.15,25,32503.74,0
91,605.75,36,9388.43,0
36,198.96,32,21596.86,0
80,588.98,2,21673.46,0
77,483.58,68,13806.44,0
42,350.74,21,20296.63,0
136,926.21,0,35948.16,1
9,69.35,3,372.56,0
54,355.47,22,11696.3,0
54,424.61,66,22395.62,0
33,265.17,59,17398.02,0
94,649.92,32,18341.97,0
91,598.64,33,28524.79,1
71,501.94,33,16853.73,0
79,533.95,46,24959.09,0
52,342.1,4,17785.85,0
71,445.04,29,10051.92,0
83,521.45,45,10776.55,0
33,286.42,12,4515.44,0
61,435.68,0,23089.73,0
69,437.91,56,18723.16,0
88,706.77,0,25104.67,1
93,680.59,70,16376.46,1
111,756.62,43,30135.27,0
6,39.2,12,14792.06,0
115,849.21,52,22433.77,1
7,48.39,16,4016.94,1
90,646.31,51,22061.76,1
26,198.05,19,11336.44,0
66,492.54,15,22247.07,0
91,587.58,27,19701.36,0
37,225.46,40,23909.47,1
76,593.77,0,11311.21,1
99,642.81,45,10187.06,1
63,368.31,32,14986.58,0
4,27.05,39,7382.23,1
113,817.37,91,28505.88,1
176,1167.79,48,32441.14,1
85,540.2,57,17836.84,1
34,247.29,77,11925.4,0
87,586.98,56,13389.11,0
43,325.04,58,14756.48,1
71,408.79,70,22576.01,0
11,84.02,13,6226.93,0
41,289.32,51,17006.25,0
94,593.8,79,28244.59,1
55,392.47,89,20475.9,0
89,528.61,53,16019.28,0
99,710.2,64,23674.04,0
49,345.73,44,7879.68,0
48,395.71,118,12491.75,1
36,234.24,0,34315.23,1
52,378.36,25,22201.2,1
47,322.44,11,11420.07,0
32,322.09,0,19207.44,0
49,356.15,26,23139.57,1
56,359.52,0,16199.16,0
158,1168.06,103,20018.79,1
160,1084.05,95,36843.92,1
77,593.45,0,20770.04,0
0,0,191,32448.02,1
88,640.63,27,21251.05,0
107,653.7,94,15584.23,1
33,242.84,48,25740.71,0
54,341.12,0,15521.64,0
53,341.14,64,14442.64,0
56,334.29,82,21969.01,0
79,595.66,30,23219.68,0
164,1090.24,137,21247.07,1
31,210.44,19,27437.43,0
66,476.08,25,18329.03,0
66,475.83,0,18902.98,0
96,597.8,45,13214.8,0
36,239.79,0,14611.03,0
78,512.23,79,13758.55,0
48,305.57,35,9183.85,0
52,313.56,40,19024.15,0
76,502.55,0,7598.25,1
68,495.55,101,15385.73,0
118,726.13,27,22022.28,1
59,437.49,23,6037.69,0
169,1111.51,53,27728.78,1
46,338.6,35,11428.54,0
4,22.31,7,4159.19,0
129,909.65,79,38939.12,1
69,460.06,0,27802.78,0
83,597.83,0,16273.02,0
32,182.45,13,16552.76,0
118,796.32,3,17905.67,1
72,535.56,47,21684.88,0
76,510.55,43,17208.46,0
22,142.17,30,8035.07,0
53,385.59,63,16987.84,0
36,229.49,0,5579.28,1
69,506.55,85,12625.78,0
22,131.53,5,4877.94,0
90,564.83,61,24365.44,1
39,310.55,14,14709.32,0
79,565.3,82,18082.45,0
102,658.41,23,21392.68,0
33,281.77,75,13933.01,1
75,535.72,30,9892.16,1
26,194.24,31,11663.69,0
67,458.14,24,22320.92,0
58,348.49,11,18960.55,0
105,705.05,18,22130.74,1
9,34.29,95,13403.98,1
60,476.08,63,14328.81,0
75,496.06,14,13850.84,1
78,475.55,17,20927.16,0
88,603.57,86,12832.19,0
44,331.98,21,16617.79,0
6,33.24,3,690.02,0
71,576.62,6,14677.77,0
48,328.54,25,13681.41,0
71,468.08,12,22654.23,0
2,1.99,0,616.65,1
152,997.33,82,29363.06,1
107,729.44,153,32990.68,1
66,432.02,54,24008.36,0
50,447.14,15,18239.47,0
60,466.61,67,18507.05,0
65,458.46,0,15214.25,1
30,169.88,23,24141.48,0
69,512.25,25,11084.53,0
81,560.68,21,16369.73,0
100,693.21,49,5451.26,1
0,0,24,18701.54,1
16,132.8,107,21893.35,1
177,1228.53,0,26231.2,1
58,390.87,0,22979.12,0
81,558.11,0,12723.52,0
27,181.73,6,11873.3,1
22,152.36,16,7023.28,0
161,1218.67,11,5749.01,1
27,183.8,118,27705.14,1
89,563.87,98,16051.56,0
46,333.24,6,20286.28,0
35,229.53,66,17303.54,0
33,164.87,26,6290.25,0
30,247.69,0,16263.38,0
112,856.9,0,28002.44,0
37,244.58,0,22306.89,0
96,651.19,86,13217.01,0
13,118.51,7,10174.47,0
83,590.47,103,27851.01,0
30,192.86,0,22310.46,0
61,460.41,48,12187.39,0
24,213.76,21,0,1
39,247.55,50,15333.74,0
11,77.94,28,25052.44,0
90,566.25,55,18688.37,0
72,498.89,71,17450.9,1
53,329.85,144,38309.87,1
8,55.13,0,1841,0
53,411.85,0,17924.06,0
43,321.63,42,25599.87,1
98,676.62,67,10705.21,1
28,226.24,23,15501.6,0
41,227.58,0,20292.33,0
117,779.5,0,11308.65,1
62,460.53,23,25559.05,0
6,51.08,16,20634.98,1
43,302.11,0,34506.26,1
81,565.64,40,15323.58,1
100,706.89,44,7800.95,0
83,510.23,0,14333.71,0
60,419.02,21,11407.52,1
11,73.47,20,8602.19,0
96,679.61,19,16174.21,0
99,713.49,37,17294.53,0
107,692.17,0,15423.29,0
88,656.91,77,28517.95,1
46,284.6,59,24761.41,0
59,442.2,6,15932.89,0
6,49.98,98,27477.41,1
65,396.14,40,12058.6,0
97,798.53,75,16249.13,0
27,208.67,30,26672.13,1
70,509.42,90,15614.34,1
10,96.29,20,3184.72,1
24,135.33,33,15479.48,0
41,229.02,141,15004.96,1
108,820.07,83,14768.14,1
12,71.93,44,10880.75,1
51,368.2,30,20699.67,0
84,517.05,81,10945.58,1
99,690.04,62,19128.75,0
65,456.96,0,41613.58,1
61,474.98,35,19985.21,0
69,563.78,41,21020.21,0
75,486.63,66,24650.84,0
52,342.07,27,28029.08,1
85,622.21,59,17365.92,0
65,490.26,76,30307.39,1
57,390.04,62,24235.3,0
76,484.27,49,10474.86,0
67,505.34,79,31408.79,1
34,205.2,0,28731.36,1
2,16.23,0,1162.99,1
43,352.82,0,19746.09,0
77,502.87,5,6928,0
38,300,65,19261.1,0
73,540.96,12,13501,0
71,447.12,7,21781.36,1
123,947.71,57,24046.86,1
44,271.16,0,12749.16,1
69,389.89,103,22633.64,0
65,542.54,3,12696.64,1
81,591.34,28,21446.76,0
71,473.05,90,17521.75,0
69,524.58,79,20765.07,0
92,628.47,72,16839.52,0
100,751.82,57,19204.32,0
121,707.16,75,37165.83,0
18,123.75,0,4383.9,0
47,340.18,86,13022.89,1
15,131.79,0,3456.39,0
27,200.26,90,15345.74,1
136,965.78,0,31992.1,1
20,105.01,0,11663.72,0
84,572.48,5,28775.89,1
23,169.6,99,24666.75,0
0,0,30,10236.2,1
58,463.23,60,18512.24,1
72,505.86,51,11824.8,0
41,244.59,39,0,1
18,147.93,18,1904.01,1
55,334.63,26,13896.46,0
65,467.44,52,19579.55,0
53,478.18,78,20152.53,0
99,688.7,16,18758.43,0
45,333.64,39,16542.45,0
82,466.26,59,16996.03,0
48,325.93,37,13603.07,0
71,471.44,45,17489.44,1
11,66,0,7039.12,0
23,133.41,24,28724.23,0
34,262.07,36,7939.29,1
35,253.17,22,20553.17,0
117,739.27,124,22818.56,1
49,309.64,59,11973.19,0
100,660.78,26,20396.99,1
87,549.29,0,21637.15,0
94,683.19,18,19308.01,1
88,608.2,22,15521.15,0
33,241.75,9,23708.5,0
82,565.18,0,21258.91,1
47,308.23,59,10624.74,0
32,221.59,44,17783.87,0
89,601.46,129,25208.53,1
31,176.4,31,16673.38,0
28,163.17,7,13371.92,0
64,507.2,107,14515.45,0
75,529.17,0,10435.47,0
58,434.84,20,18910.83,0
126,848.92,57,19967.05,0
9,77.82,0,14733.17,1
78,515.89,49,17368.65,0
97,772.35,66,10523.42,1
96,687.19,0,24529.99,0
63,420.24,51,10497.71,0
79,562.99,19,25508.19,1
62,371.18,7,18076.46,0
111,633.05,94,8792.86,1
33,130.76,0,20875.63,0
45,329.1,23,21874.54,0
24,136.24,11,15174.05,0
86,662.26,0,18820.25,0
156,999.53,114,21535.16,1
40,289.22,22,19352.5,1
77,455.58,29,18446.12,0
56,338.17,37,21337.74,0
64,466.4,33,14327.24,0
16,105.46,3,0.01,1
69,446.25,17,14370.54,0
46,372.34,49,20043.06,0
77,513.62,14,14269.95,0
64,453.87,32,13233.03,0
28,195.36,29,11179.93,0
72,426.25,129,21735.13,0
41,284.87,73,16613.09,0
64,436.07,51,19451.62,0
61,396.32,0,36298.13,1
18,109.6,14,766.23,0
77,571.62,7,17096.14,1
73,503.82,10,21462.2,0
70,468.61,28,22586.68,0
68,458.15,137,10933.27,1
178,1354.75,10,4880.62,1
60,376.33,1,13479.08,0
43,280.33,0,25184.08,0
78,497.14,0,18267.18,0
86,605.25,20,22596.5,0
94,641.46,17,16670.23,1
1,8.33,5,2346.71,0
1,14.91,55,23828.6,0
43,268.41,92,27172.37,0
114,887.08,112,22415.92,1
55,344.96,60,6294.31,0
30,204,87,14152.16,0
44,300.89,66,11859.24,0
58,462.24,26,14104.66,0
57,385.28,23,29942.59,1
43,298.42,12,18311.24,0
17,97.8,2,8792.28,0
36,259.5,8,7417.14,0
47,273.6,60,24264.53,0
103,752.25,40,16132.52,0
62,368.88,77,15873.39,0
24,144.5,11,10879.1,0
71,532.86,72,16333.76,0
59,357.95,43,21587.77,0
39,248.15,0,13443.34,0
176,1364.83,153,22652.06,1
36,314.67,16,16476.83,0
69,456.26,39,15289.84,0
39,292.12,73,25521.07,1
136,999.09,84,23116.46,1
88,625.64,80,8983.42,0
22,155.06,22,2253.5,1
51,319.25,0,10985.03,0
47,392.99,0,18981.92,0
78,528.41,11,14872.62,0
81,525.97,15,18878.91,0
69,430.5,9,10460.9,0
130,925.58,53,2335.64,1
63,411.36,31,11886.28,0
79,577.11,46,30981.68,0
48,338.06,3,20883.01,0
98,723.12,10,14688.44,0
198,1390.22,64,20066.15,0
51,401.45,91,19021.56,0
81,531.28,109,19496.93,1
45,319.26,26,13376.33,0
35,182.51,103,25494.78,1
28,151.92,108,20411.22,1
32,266.95,0,23336.54,0
23,207.18,4,5890.07,0
78,523.42,40,12477.65,1
66,488.95,46,17383.22,0
45,320.44,117,35689.6,1
51,298.15,6,9220.92,0
26,193.78,14,13946.36,0
46,284.7,40,16449.45,0
0,0,32,17206.44,0
49,301.37,65,17393.94,1
74,367.79,26,12820.93,0
107,666.29,35,27935.42,0
94,707.37,19,14491.72,1
81,586.59,35,20566.27,0
119,808.13,14,20728.45,0
70,523.84,31,22127.49,0
77,578.21,93,16546.95,1
47,352.53,81,16537.78,0
59,392.04,0,43824.93,1
72,370.52,25,14696.31,0
46,270.06,1,9121.7,0
43,295.15,0,17423.98,0
83,554.07,44,19300.04,1
34,213.05,27,7884.19,0
38,263.17,126,34329.08,1
83,705.9,84,16082.16,0
34,263.06,73,15661.73,0
16,112.54,7,4185.82,0
76,549.99,21,21063.53,0
42,285.74,1,16807.61,0
11,58.54,5,7085.97,1
130,876.33,138,39652.05,1
41,342.97,55,16567.86,0
6,46.4,0,814.35,1
51,415,49,16588.54,0
87,588.9,66,8496.92,0
82,552.28,50,24278.94,1
137,968.51,94,28174.54,1
83,519.66,52,15821.17,0
69,522.36,20,17713.64,0
28,238.38,8,21979.19,0
90,521.53,54,15950.1,1
86,648.66,25,11290.13,0
75,503.26,12,11859.17,0
40,232.35,37,13941.6,0
47,367.37,142,37554.41,1
78,498.47,7,13212.22,0
25,203.33,25,22518.06,0
60,447.87,33,13114.53,0
45,351.62,0,18991.13,0
36,322.57,41,12259.44,0
52,389.15,50,12774.1,0
56,432.43,25,13947.46,0
114,793.69,15,23225.78,0
87,655.16,10,20192.8,0
68,431.39,0,14301.29,0
24,153.32,91,23122.08,0
76,493.5,6,21655.42,0
62,462.48,32,14589.41,0
26,190.98,11,23590.87,0
56,392.72,0,6810.52,0
48,369.4,106,4520.18,0
42,290.69,77,21507.03,0
54,395.09,33,19088.31,0
18,122.04,5,7997.91,0
70,519.97,31,19455.14,0
54,448.87,0,9670.72,0
49,394.92,18,11284.14,0
150,1079.75,113,18301.76,1
61,436.15,34,9894.75,0
133,972.7,83,38552.62,0
55,345.49,16,20124.93,0
81,514.59,45,19370.72,0
31,173.76,0,11966.73,1
70,519.74,28,24750.54,0
113,707.79,0,21008.04,0
62,398.63,60,11311.36,0
61,452.89,27,10444.65,0
14,119.61,23,13469.35,0
111,707.25,77,12279.31,0
59,371.1,0,14647.95,0
74,476.37,76,13424.26,0
9,58.87,2,671.96,0
160,1055.79,54,33629.53,1
118,799.4,0,12828.73,1
114,734.12,134,25969.8,0
64,493.44,11,31703.28,0
61,398.63,76,12230.87,0
67,444.22,14,18977.78,0
97,705.6,47,14407.85,1
75,529.66,20,21749.32,0
110,867.27,0,14783.87,1
104,704.71,30,43304.53,1
94,728.12,41,17962.51,0
97,686.85,3,21722.12,0
26,198.5,45,14556.84,0
66,410.84,0,20148.11,0
30,178.8,45,22732.71,0
66,502.46,128,20861.17,1
72,410.23,68,16006.55,0
43,288.43,21,21722.72,1
36,267.3,17,21595.68,0
120,929.36,39,15080.13,0
6,35.11,34,17625.23,0
122,837.76,1,20197.07,1
90,645.31,3,27488.44,1
44,338.16,18,5051.83,0
109,763.22,42,17236.5,0
69,482.18,40,11178.07,1
69,478.34,25,23367.12,0
101,719.93,35,21337.25,1
88,581.5,85,16127.19,0
71,556.84,71,19869.21,0
80,479.49,33,10121.45,1
52,384.83,46,16964.06,0
57,335.55,28,17364.21,0
75,544.23,0,22924.79,1
152,1048.97,101,18716.23,1
58,338.05,5,27967.26,1
35,317.9,101,13118.37,0
82,692.25,38,21644.14,0
66,494.47,0,17360.07,0
5,38.41,1,9707.95,0
0,0,180,32045.73,1
35,269.16,0,10621.59,1
83,558.94,62,24179.89,0
104,714.18,25,19691.88,1
46,308.33,23,18865.35,0
80,493.85,30,5042.33,1
17,119.42,0,18743.58,0
56,404.18,91,16476.4,0
64,454.02,2,15656.28,0
55,314.72,0,17451.24,0
19,110.1,0,6120.38,0
57,408.1,0,15589.99,0
86,632.16,47,18910.08,0
29,203.62,30,19527.95,0
10,62.62,13,8826.2,0
31,205.14,22,10250.58,0
43,289.69,115,16545.7,0
83,602.63,46,29361.18,1
98,657.01,70,13309.9,0
55,430.22,8,16689.45,0
58,376.65,44,15136.57,0
43,346.88,84,17934.8,0
49,291,73,15791.45,0
53,460.06,0,12371.77,0
68,403.53,0,20811.88,1
87,615.13,99,7625.09,1
25,189.88,40,18592.84,0
73,463.74,29,21860.13,0
31,198.67,0,23628.07,0
51,406.86,57,5336.82,1
137,973.64,13,16015.97,0
45,308.42,0,15895.57,0
50,375.91,35,12388.4,0
90,547.42,7,13741.1,0
36,340.02,49,8657.77,0
146,968.34,101,16090.18,1
95,732.2,44,28042.76,1
93,722.64,0,14198.92,0
106,798.42,0,42181.91,1
61,421.74,41,19746.94,0
27,195.4,0,15765.07,0
61,399.98,24,17553.71,0
92,757.19,0,14682.17,1
74,561.37,27,18350.01,1
22,175.36,17,13973.08,0
50,334.17,39,21353.71,0
103,730.61,154,18565.13,1
59,376.65,32,14791.39,1
47,411.65,145,18603.32,1
2,2,28,9173.78,0
70,450.03,51,17567.13,0
74,588.5,59,17963.41,0
75,520.47,0,18194.45,1
55,354.67,16,16405.57,0
39,267.15,43,19856.18,0
63,457.86,47,15708.64,0
97,691.91,26,23418.09,0
35,270.26,15,15482.34,0
69,453.23,74,14727.37,0
31,269.94,48,13340.59,0
85,623.22,64,19081.09,0
50,350.2,20,22219.7,0
33,247.29,0,30996.3,1
117,737.27,3,13981.21,1
58,386.44,0,16581.86,0
39,225.97,19,13950.92,0
65,421.87,28,23488.98,0
0,0,185,31032.94,1
87,518.1,17,13957.77,0
42,297.86,3,11687.05,0
52,383.9,40,24574.82,0
85,613.98,34,5622.08,1
34,203.58,77,15670.32,0
152,1181.82,121,49745.73,1
2,16.29,2,1160.41,0
48,341.8,53,5910.35,1
107,791.91,6,15676.41,1
43,352.24,127,27271.39,1
35,236.72,72,13380.67,0
97,743.22,43,16404.3,0
36,267.37,79,18205.97,0
81,542.22,21,15356.16,0
106,619.94,0,27762.85,1
2,9.01,0,478.96,0
82,666.56,28,17732.36,1
77,527.44,0,16620.31,0
68,504.38,106,17767.9,0
61,523.72,116,17254.54,1
84,577.2,86,12375.26,0
64,486.46,74,19627,0
66,465.75,6,16832.32,0
11,106.75,31,17631.06,0
43,321.24,6,8395.77,0
68,419.13,98,21628.93,0
66,443.83,0,17672.29,0
34,268.5,10,8859.08,0
67,478.42,36,14839.66,0
38,254.26,0,7928.78,1
52,350.92,63,21237.38,0
65,446.33,93,18147.99,0
72,467.99,9,17435.71,0
77,553.65,53,15428.89,0
65,474.16,3,15983.41,1
34,169.1,0,16587.99,1
56,404.97,26,11262.47,0
58,373.58,63,14802.42,0
67,457.99,39,17687.4,0
81,626.14,42,21885.47,1
82,569.13,24,18749.93,0
83,626.96,0,14486.37,1
68,379.06,18,11166.22,1
69,493.47,11,10594.24,0
93,567.37,0,3345.77,1
92,617.22,72,33816.29,1
84,583.76,0,25048.58,0
83,534.05,70,19292.73,0
39,259.94,1,10679.43,0
88,740.68,0,25803.71,1
35,197.96,45,21425.84,0
77,496.56,0,21814.38,0
37,279.41,0,27548.01,1
51,351.95,0,23680.01,0
97,608.1,50,26838.48,1
73,550.58,25,18322.63,0
46,317.98,31,16087.51,0
84,608.19,19,25013.18,0
86,608.48,0,16025.98,0
92,654.76,31,14370.82,0
85,534,60,13880.1,0
96,760.21,11,13388.77,0
96,655.52,2,20432.78,0
42,319.8,121,16790.96,0
24,178.32,14,4674.47,0
93,650.51,31,20460.9,0
25,149.04,9,16837.46,0
77,530.07,69,12697.45,0
24,108.69,72,16765.42,0
108,789.17,12,32670.36,1
55,343.18,28,18692.99,0
76,601.1,0,17104.36,0
100,709.4,17,16964.33,0
16,111.25,10,33347.09,1
61,410.19,30,14214.92,0
72,487.78,20,28187.72,0
72,445.2,53,18696.44,1
72,442.65,35,28183.29,0
85,621.93,46,16743.65,1
151,1029.37,0,25994.12,1
65,447.07,55,24515.37,1
66,463.11,0,34912.32,0
152,1067.24,17,1151.08,1
77,473.18,20,15738.08,1
87,664.97,6,27183.14,1
56,357.36,0,12965.49,0
80,581.05,16,13976.52,0
115,827.93,3,18727.79,1
0,0,29,21289.28,1
51,434.89,14,19815.78,0
97,760.53,77,20246.27,1
106,796.79,23,42250.7,1
33,282.08,30,13670.89,0
84,597.27,3,33352.8,1
70,533.32,13,10801.91,0
83,577.82,8,14878.49,0
57,418.81,44,17335.04,0
40,246.79,88,22284.78,0
36,218.91,14,28638.9,0
85,464.69,51,19787.14,0
39,240.63,14,4049.96,1
65,491.25,55,10143.2,0
42,226.18,21,13243.48,0
23,132.63,47,16889.33,0
50,331.2,9,9285.62,0
81,516.56,2,19457.42,1
64,423.95,44,7826.03,0
38,212.46,52,18610.53,0
99,660.2,17,18430.23,1
54,363.09,47,22974.04,0
77,510,19,11907.14,0
22,134.71,18,6040.48,0
46,345.98,0,20980.25,0
2,2,0,959.51,1
90,653.62,0,15697.77,0
40,234.18,49,4817,0
49,369.42,86,8483.11,0
91,725.62,0,20929.17,1
24,187.99,0,8377,1
45,360.87,25,19958.7,0
97,645.82,51,10471.58,0
80,498.91,51,20736.28,0
31,258.82,0,33988.9,1
36,296.78,14,10328.7,0
52,336.91,77,22064.65,0
60,428.49,20,29389.52,1
91,604.39,19,25152.82,1
45,354.05,0,16873.38,0
36,230.99,19,23525.07,1
57,445.41,1,8197.18,0
81,588.15,56,19383.95,0
82,600.61,57,11957.52,0
94,615.52,39,12728.96,0
94,713.46,15,22966.72,0
70,420.32,0,15814.41,0
95,575.75,0,5730.22,1
77,603.36,39,11500.29,0
51,371.83,63,5774.98,0
105,710.88,0,21114.47,1
116,933.82,27,20474.34,0
80,555.85,140,24412.57,1
157,1113.14,0,43107.51,1
0,0,35,17322.59,0
62,454.02,35,15018.46,0
15,91.89,6,2834.04,0
69,449.93,64,15557.04,0
5,14.22,2,2412.34,0
74,491.36,60,16944.44,0
61,443.13,45,15349.65,0
91,563.4,60,11109.03,0
112,751.77,0,16809.95,1
0,0,201,27825.95,1
17,141.05,14,9850.74,0
15,94.93,7,2727.97,0
90,682.96,75,14950.72,0
90,562.83,25,20737.15,1
49,345.24,0,27032,0
69,479.79,0,17559.43,0
70,433.2,30,28987.39,1
31,237.79,0,22706.37,1
64,480.33,2,11640.09,0
27,157.74,0,4208.92,1
55,357.49,133,26357.61,1
64,495.2,21,20048.69,0
101,694.2,41,9351.78,0
9,59.72,6,838.22,0
91,693.15,37,11562.48,0
72,415.28,25,30960.74,0
24,191.97,77,13292.23,0
1,1.82,1,2091.87,0
50,345.79,0,18908.64,0
76,616.5,17,18270.05,0
1,1,48,20375.87,0
2,35.43,6,2745.83,0
93,628.59,41,19309.71,0
71,457.93,51,16559.23,0
13,118.15,6,4961.28,0
71,453.98,43,13603.54,0
69,465.96,12,14982.27,0
15,119.2,19,4294,0
51,381.12,43,14771.91,0
41,250.56,11,8678.32,1
17,138.9,10,3272.89,1
76,529.09,62,30558.11,1
89,602.81,56,19293.91,0
52,378.93,117,23449.04,1
109,833.51,69,18408.84,0
34,175.74,82,18467,0
40,195.79,55,19493.38,0
54,434.49,0,48351.61,1
203,1566.45,20,3059.86,1
63,412.89,23,13945.79,0
58,413.71,29,21481.06,0
43,223.9,12,23090.88,0
58,400.82,15,19335.93,0
75,511.02,49,17120.31,0
27,193.88,42,18621.18,0
51,363.92,38,21730.26,1
53,340.14,65,9465.94,1
53,459.43,78,21131.38,0
58,368.88,92,13222.54,0
21,207.13,8,14883.15,0
76,432.81,0,19394.34,1
4,28.59,3,2743.76,0
40,259.23,20,19102.33,0
93,582.25,58,18997.74,0
16,85.78,46,11903.44,0
42,318,71,19221.34,0
39,284.29,23,20228.88,0
160,1072.79,16,6608.91,1
143,995.57,79,28282.76,1
123,730.24,34,13512.55,0
37,267.39,0,15195.95,0
35,244.43,42,8583.78,0
117,872.52,65,14487.66,1
90,656.91,49,17636.4,0
54,374.45,13,19344.75,0
55,298.6,6,14288.14,0
29,143.87,0,16152.11,0
49,344.92,17,23383.4,0
144,1031.79,99,40174.34,1
65,453.78,31,18811.61,0
35,248.36,77,21368.52,0
55,354.26,27,29615.74,0
69,524.3,47,14684.59,0
59,424.15,45,11701.84,0
72,599.3,25,11759.84,0
95,595.44,22,15746.14,0
122,821.67,56,9798.96,0
141,1043.89,22,32651.11,0
61,431.24,7,8977.45,0
37,287.34,45,19232.58,0
4,17.78,11,11067.06,0
68,467.07,62,27244.82,1
34,249.38,0,15363.82,0
57,415.1,24,6087.86,0
42,322.81,32,10200.04,0
23,169.67,29,3998,0
96,691.65,47,16942.03,0
77,542.2,8,18583.04,0
15,129.64,0,5208.12,1
63,448.69,10,22764.14,0
105,830.37,21,21165.03,1
66,462.58,100,11846.31,1
66,461.84,85,14264.14,0
43,264.67,40,15592.64,0
19,185.22,0,3839.46,0
67,496.64,38,15961.88,0
68,476.66,41,24665.34,0
23,145.38,0,6782.84,0
49,316.69,46,17519.29,0
98,646.49,0,22585.01,0
78,563.86,0,17061.33,1
65,444.02,77,9753.24,0
28,204.69,15,20081.81,0
57,478.31,98,30343.76,1
55,367.67,37,8565.22,1
125,795.36,63,21447.62,1
83,588.51,0,18698.9,0
44,273.83,46,22230.63,0
95,578.24,29,20622.44,0
87,682.88,12,11682.79,0
83,642.19,55,10806.69,0
53,354.85,10,21820.27,0
44,318.99,48,14817.03,0
38,244.5,27,22060.68,0
61,376.16,38,24127.8,0
90,519.05,53,17733.66,0
22,142.56,61,18891.63,1
72,606.06,5,18602.94,1
94,588.73,27,32679.81,1
93,671.14,145,21441.95,1
66,393.08,84,24502.47,0
77,524.86,85,20894.06,0
52,341.83,68,15462.38,0
46,309.18,27,18711.2,0
43,299.43,34,20494.15,0
88,607.39,5,14365.65,1
100,639.43,42,11230.93,0
13,82.55,4,2890.46,1
30,224.39,14,19380.74,0
88,580.46,75,7325.36,1
5,34.58,7,10305.72,0
79,619.71,20,20739.9,0
75,512.89,51,22818.74,1
62,437.35,15,14804.65,0
0,0,30,20016.75,1
117,848.44,28,17736.31,1
123,832.33,6,14670.49,1
88,565.17,0,15494.05,0
74,476.76,30,11823.13,0
55,393.26,54,13618.46,0
61,424.3,65,34888.18,1
38,320.13,8,13026.1,0
104,691.93,14,34064.29,1
55,389.33,29,25047.08,0
0,0,20,18418.27,1
98,666.76,74,7844.43,1
60,382.03,35,14891.12,0
81,514.92,55,25022.46,1
16,94.75,7,2696.04,1
62,446.89,7,21571.89,0
37,256.66,35,8645.57,0
14,96.95,37,17190.83,0
60,424.15,66,30206.83,1
68,543.5,2,11372.29,0
68,544.69,16,15967.27,0
81,606.2,36,20066.1,0
84,558.21,46,19240.03,1
80,552.33,23,18457.85,0
37,253.95,69,18686.08,0
106,767.68,49,40801.84,1
80,688.54,39,11353.43,1
66,437.75,22,25108.55,0
34,234.74,43,26025.6,0
106,625.25,67,8309.98,0
72,578.68,50,15857.17,0
19,130.88,94,11510.83,1
68,434.33,0,19423.18,0
82,589.39,62,23861.8,0
50,330.17,45,12733.87,0
73,587.47,1,15566.76,1
49,292.51,46,12751.5,0
63,499.42,17,9599.78,0
18,113.18,19,11333.47,0
65,433.04,69,20639.1,0
64,473.62,68,16776.81,0
22,128.51,64,19271.51,0
3,12.7,0,492.03,1
148,1115.64,41,25465.4,1
112,751.03,45,21470.32,1
60,427.29,6,7023.77,0
29,192.29,73,14620.52,0
64,432.25,14,20009.42,0
100,508.76,8,25598.87,0
60,443.65,44,20860.9,0
6,26.63,5,370.06,0
68,328.74,13,17364.33,0
88,573.46,54,8714.69,0
77,550.31,0,23130.57,1
23,163.66,19,4738.23,0
17,110.9,13,5813.08,0
40,280.44,2,13934.54,0
105,763.27,10,33233.63,1
43,310.01,0,11486.69,1
69,469.46,55,15362.48,0
2,11.96,3,0,1
76,501.18,0,16152.55,1
73,603.09,19,9988.18,1
69,407.59,44,17249.51,0
100,825.84,0,20273.82,1
81,625.49,126,16538.89,1
67,509.29,49,21074.82,0
41,302.04,106,9755.95,0
34,201.37,75,14174.84,0
19,112.69,12,4312.96,0
39,282.31,0,19236.8,0
70,533.41,54,20011.87,0
15,92.57,14,22027.43,0
79,517.95,1,26517.44,1
93,688.54,18,14117.53,1
20,140.19,0,6553.24,0
86,561.92,35,11141.11,0
68,528.43,54,17229.4,0
88,564.56,0,13344.02,0
71,549.04,80,19205.65,0
128,846.5,50,19450.33,1
55,421.69,80,26894.34,0
81,518.73,71,32418.28,1
56,302.74,70,29223.17,0
35,219.78,15,8210.49,0
74,492.63,2,27383.18,1
82,565.65,37,32715.31,1
96,612.26,0,17911.89,0
185,1278.87,13,4205.46,1
2,10.59,50,21507.94,0
41,234.37,53,18876.63,0
111,818.91,3,15530.91,1
56,333.23,0,15373.48,0
78,551.49,33,7902,0
67,506.16,0,23867.03,1
72,452.12,28,14675.92,0
63,457.13,56,16211.97,1
47,326.24,41,17283.04,0
11,63.65,25,13013.33,0
94,609.82,63,20178.28,0
71,452.15,39,16057.57,0
27,200.94,34,11627.13,0
32,244.8,13,7213.58,0
51,363.53,29,22843.02,1
43,326.98,0,7331.52,0
40,307.95,45,14359.01,0
69,536.63,47,15988.41,0
66,513.16,97,21090.67,0
49,310.78,3,11506.66,0
23,147.69,30,18417.93,0
69,528.67,47,22323.98,0
93,720.51,71,14800.78,0
82,564.01,0,13846.03,1
0,0,9,2923.5,1
22,166.81,41,20974.45,0
77,515.58,108,26847.95,0
96,697.26,19,23036.22,0
72,495.11,34,15887.37,0
43,256.9,1,10450.48,0
70,486.87,49,19080.91,0
54,397.26,0,10687.34,0
70,432.61,0,18428.6,0
128,1012.44,72,20324.19,1
38,272.97,47,18712.73,0
79,529.39,20,15401.9,0
49,354.93,79,12249.89,1
69,515.52,34,21231.9,0
17,149.14,4,4332.45,0
58,410.18,97,12172.35,0
94,646.11,1,25811.64,0
21,135.88,18,9561.56,1
28,202.38,0,33924.13,1
62,491.52,58,28368.51,0
85,561.13,84,9406.05,1
18,148.36,94,9941.3,1
121,769.36,0,42437.52,1
167,1051.69,0,22432.59,1
67,429.17,11,13946.66,0
122,848.33,0,17129.71,1
45,246.42,16,12499.78,0
37,202.36,18,21066.02,1
77,480.37,33,20586.08,0
30,226.2,28,10332.55,0
63,403.32,65,16784.02,0
76,551.58,72,15975.99,0
69,420.57,102,14195.88,0
80,467.5,0,21004.28,1
181,1181.8,169,21346.58,1
92,536.96,18,20193.9,0
58,408.32,0,23259.65,0
37,258.7,0,10928.31,1
74,526.94,0,17381.51,1
83,603.26,155,17495.2,1
35,202.92,25,12603.8,0
58,304.3,50,14954.86,0
72,462.96,1,11958.39,0
48,352.55,30,22371.84,0
56,483.17,52,16331.71,0
83,584.17,39,22832.67,0
68,410.61,56,15614.77,1
68,531.96,26,13654.59,0
50,359.73,102,3664.6,1
2,23.53,2,201.08,0
35,274.23,12,11389.98,0
87,637.26,81,12511.37,0
58,387.39,61,14632.2,0
32,187.52,47,19373.91,0
19,132.06,15,2971.51,0
38,230.9,28,11324.26,0
55,331.98,0,12673.71,0
87,655.24,1,17428.84,0
40,247.63,0,21420.44,0
42,333.36,48,14566.34,0
9,94.14,91,38368.58,1
54,409.79,49,13211.82,0
78,583.03,15,20350.96,0
44,287.93,9,27093.07,0
82,507.89,88,17543.37,1
62,376.64,73,14286.43,0
71,501.59,40,17828.4,1
82,589.95,9,11666.32,0
128,804.97,84,20562.17,1
99,658.24,10,16013.78,0
49,359.24,0,6088.3,1
99,705.18,24,19813.35,0
114,847.59,23,34047.43,1
68,467.39,29,26934.77,0
61,444.4,32,9673.31,0
184,1225.7,135,24756.4,1
87,635.32,30,20478.76,1
68,453.91,48,17788.66,0
40,310.79,52,25011.09,1
40,292.65,8,19429.28,0
43,314.37,43,10015.52,1
53,385.24,34,17383.22,0
56,405.48,63,14815.05,0
38,257.36,30,20900.12,0
76,585.56,30,22165.13,0
121,843.72,0,14976,0
103,684.77,9,19446.15,1
6,15.93,83,17145.75,1
38,275.74,16,7122.54,0
46,278.1,0,17288.02,0
92,638.96,33,21265.76,0
77,587.54,56,11104.28,0
9,88.63,0,3390.62,0
88,619.79,19,20677.89,0
49,338,13,16963.2,0
123,794.99,27,21668.02,1
51,454.46,0,22857.34,0
0,0,7,39419.77,1
55,398.93,20,16022.55,0
19,129.01,151,28584.39,1
45,333.49,50,17275.47,0
40,263.64,56,11382.98,0
37,299.08,26,7619.02,0
71,544.49,35,14460.01,0
111,846.57,107,6444.32,1
90,710.18,46,20697.58,0
42,333.23,29,23974.09,0
28,205.77,61,25839,0
38,312.02,66,21645.98,0
86,643.92,0,25872.85,0
44,258.93,0,19696.73,0
105,684.99,23,21883.4,0
7,22.96,7,12762.99,0
55,440.66,85,15962.01,1
73,568.66,0,14545.34,0
31,172.1,25,31077.59,0
79,413.26,12,12403.15,0
42,265.8,0,18664.94,0
115,747.58,98,12912.97,1
106,616.84,0,14348.46,1
53,405.98,0,24831.39,0
94,569.22,155,23422.79,1
47,358.82,19,28000.91,1
75,538.34,51,12666.97,0
88,611.69,60,15512.04,0
46,309.99,10,25623.94,0
98,703.16,4,25391.67,1
35,276.8,139,21880.52,1
73,477.26,53,18583.85,0
72,526.05,24,19545.92,0
34,236.41,0,21529.27,0
70,434.33,46,14439.86,0
38,275.47,115,22988.9,1
128,877.56,40,32649.97,1
77,526.03,137,20517.57,1
32,223.7,12,18618.1,0
52,360.95,17,9780.07,1
62,452.89,66,20815.17,0
70,544.78,65,10547.9,0
48,280,0,15285.14,0
63,385.09,18,14518.03,0
81,658.49,45,14999.44,0
100,729.71,55,18939.82,0
67,499.87,69,32556.54,1
63,408.68,63,24970.26,0
69,479.07,69,16226.71,0
2,15.06,131,20338.16,1
28,226.31,0,6459.95,0
5,47.84,9,14269.74,0
26,171.7,33,18912.39,0
22,134.24,13,8327.46,0
68,463.54,0,27144.87,1
42,329.7,67,12774.8,1
70,530.32,47,12755.7,0
59,501.63,34,21634,0
110,823.9,135,24051.19,1
30,266.46,17,19610.61,0
80,574.98,75,23750.99,0
38,249.5,44,7076.63,0
40,334.24,91,11304.14,0
60,413.85,38,20262.54,0
30,223.58,51,10845.54,1
93,654.02,38,14732.96,0
30,204.33,10,30084.73,0
47,250.3,57,12451.74,0
70,443.91,42,17283.55,0
36,301.49,114,4136.87,0
13,96.3,33,6750.08,1
47,270.06,22,19584.72,0
107,740.55,94,38888.28,1
136,860.3,0,24299.12,0
32,242.62,26,15193.89,0
75,533.35,74,7289.94,1
41,215.34,7,10842.36,0
58,403.84,2,13700.2,1
81,462.68,73,15293.93,0
47,263.42,36,19898.13,0
54,390.18,5,29460.56,0
69,453.26,18,14427.4,0
10,94.06,8,621.63,1
100,730.05,20,26582.03,1
26,209.75,11,17580.24,0
0,0,188,33189.5,1
43,352.46,31,20837.3,0
74,456.47,157,10418.99,1
53,307.92,13,18666.46,0
64,445.52,17,13740.13,0
49,323.04,0,21078.02,0
89,654.96,0,26837.72,1
27,154.71,22,14762.92,0
84,587.37,0,21818.29,0
66,430.02,20,12049.53,0
83,572.03,148,19930.29,1
89,637.52,104,11595.91,0
30,166.51,77,12199.43,0
37,266.45,224,31942.4,1
61,389.23,62,14661.64,0
112,783.62,82,33067.64,1
52,382.77,56,22361.11,1
92,696.17,21,19068.23,0
74,555.25,27,25718.19,1
105,724.57,158,39930.07,1
37,296.79,17,9979.44,0
82,618.35,56,19343.02,0
20,170,94,9507.71,1
26,159.73,49,16810.98,0
40,287.69,39,27823.72,0
51,402.74,14,20391.14,0
106,781.37,26,37962.31,1
91,525.67,0,18857.58,0
59,486.67,0,13432.3,1
14,95.94,0,2920.15,0
16,102.89,50,6618.91,1
42,280.21,0,19316.23,0
39,264.76,51,16462.11,0
53,403.89,39,15278.14,0
62,431,93,20369.38,0
40,261.03,72,14587.09,0
68,516.56,57,16535.75,0
72,442.22,10,16983.66,0
81,570.25,106,20895.15,0
13,81.38,10,5024.19,1
41,231.49,87,21786.97,1
83,561.05,0,16539.03,0
37,257.56,1,15763.7,0
60,488.33,3,14134.37,0
74,524.89,74,12199.75,0
79,647.69,1,11067.87,0
24,163.75,0,14226.81,1
63,470.91,0,13074.49,1
19,107.51,0,38999.59,1
32,187.9,0,37601.43,1
70,561.85,28,23850.76,0
27,192.57,105,23746.7,1
59,347.48,43,19856.24,0
50,357.58,0,13497.97,0
53,376.78,44,17334.12,0
42,288.55,76,15577.75,0
72,502.74,48,19178.13,0
86,605.89,25,16286.27,0
60,399.41,42,19499.62,0
50,290.87,14,18472.84,0
23,128.42,27,16320.86,0
27,142.23,48,19480.66,0
58,397.48,62,15700.36,0
41,315.98,0,22927.95,0
92,719.71,66,23827.53,0
0,0,28,16573.03,1
19,135.52,48,13152.5,0
85,601.18,55,16089.05,1
58,372.6,41,13658.11,0
21,182.85,0,22339.76,0
37,266.33,62,22924.34,0
95,614.91,0,13616.61,0
84,526.23,13,27464.55,1
102,752.7,19,24877.84,0
44,280.42,19,19925.16,0
101,708.27,0,16216.94,1
89,673.52,30,24001.48,0
78,566.45,38,17971,1
79,526.9,39,9460.28,0
42,298.9,45,20665.09,0
41,248.86,47,21816.35,0
47,335.13,50,16867.93,0
91,643.9,103,22197.84,0
29,189.8,57,16472.83,0
10,64.66,34,10590.07,0
48,322.61,73,18642.34,1
96,620.43,37,12569.4,0
47,351.45,0,23721.15,0
33,268.1,14,16784.34,0
74,545.52,47,13534.15,0
23,169.25,20,7476.26,0
61,490.78,36,20422.53,0
38,271.41,14,8152.11,1
21,148.63,62,6348.47,1
42,289.91,57,26951.22,1
85,509.61,4,26802.84,0
23,177.59,38,26186.6,0
80,543.5,3,16831.9,0
55,385.09,38,14962.13,0
4,19.85,28,13107.42,0
87,638.31,76,28239.49,1
51,412,137,12155.46,1
68,464.62,6,5810.8,0
82,535.96,52,14259.08,0
50,282.87,53,13260.03,0
63,468.66,0,11794.34,0
89,613.64,12,15973.02,0
63,490.52,38,17260.02,0
130,936.67,129,25739,1
87,583.02,1,11213.97,0
22,171.9,126,23256.08,1
61,374.88,10,18984.09,0
97,664.39,36,18982.03,0
171,1146.59,99,16327.57,1
41,243.63,42,20579.46,0
153,1071.08,0,22770.07,1
0,0,211,27695.86,1
77,481.43,85,9765,1
58,408.53,2,15346.04,0
112,717.85,128,27194.86,1
80,538.39,51,21691.46,0
45,317.56,10,16900.68,0
48,313.96,37,17915.92,0
66,470.97,31,22773.52,0
104,684.88,0,24447.2,0
111,899.74,0,26866.61,0
27,170.58,23,21798.61,0
61,420.18,40,17969.47,0
140,977.32,41,2263.44,1
51,390.89,0,27233.53,0
42,275.75,46,11000.61,1
84,666.24,64,14775.41,0
87,633.44,31,8237.77,1
81,435.42,7,18305.77,0
10,63.03,0,2568,1
10,61.85,3,8761.02,0
0,0,19,17289.88,1
83,540.49,41,9127.74,0
115,758.98,49,14474.71,1
35,265.44,4,16363.04,1
100,769.45,0,7718.19,1
12,60.46,18,10928.01,1
65,426.35,75,12099.84,1
146,1074.67,120,39893.03,1
101,670.08,5,12880.08,1
32,169.95,53,25420.85,0
54,395.23,26,12160.8,0
12,72.28,28,4941.82,0
12,76.97,0,1893.18,0
89,595.42,47,17013.7,0
11,81.29,1,4000.01,0
41,330.75,0,27573.83,1
91,610.21,20,16218.51,0
102,714.82,34,18341.56,0
106,713.44,46,7093.61,1
44,324.57,68,17347.25,1
54,341.47,0,17280.86,0
115,860.75,7,18766.26,1
64,496.59,21,11136.1,0
88,527.4,0,14467.95,0
101,699.72,27,19694.56,0
70,450.96,34,16848.98,0
62,473.14,4,14623.29,1
159,1174,149,33258.6,1
33,214.38,14,11608.63,0
26,149.13,23,17022.64,0
76,544.63,77,15785.42,0
34,264.3,38,8907.85,0
45,368.25,44,15247.76,0
106,823.14,0,9248.09,1
78,483.81,21,23076.65,0
99,709.39,4,23380.4,0
10,62.81,0,6283.9,0
25,207.05,37,17330.13,0
87,522.47,99,16161.1,0
19,149.92,73,23988.55,0
41,233.75,24,15252.74,0
111,768.78,0,35501.99,1
52,377.56,78,13145.59,0
84,513.1,21,16080.39,1
35,245.55,55,28224.16,1
56,324.99,78,10977.57,0
36,278.27,0,22016.12,0
57,417.39,39,10604.94,0
77,576.78,64,13598.82,0
107,703.31,34,13291.98,0
62,545.53,3,4942.5,0
42,243.49,79,19513.6,1
74,525.51,30,11337.85,0
3,32.92,5,8922.77,0
63,377.43,0,16663.48,0
71,502.74,57,15986.59,0
85,645.72,0,14586.92,0
50,356.82,0,28477.99,1
104,739.28,55,21940.11,1
43,266.1,22,6676.01,1
33,250.64,28,8739.55,0
57,334.24,94,19656.3,1
116,760.04,10,17720.9,1
34,217.52,23,14040.66,0
71,473.17,17,13536.44,0
73,545.96,0,12799.6,1
39,274.85,72,18436.72,0
42,281.39,0,21421.28,1
35,222.44,6,4659.43,0
87,550.48,70,13843.33,0
40,307.83,0,17130.74,1
78,511.94,0,9117.02,0
101,741.35,21,17014.08,0
62,410.27,19,14325.37,0
0,0,20,13688.68,1
85,536.08,33,19974.04,0
64,421.16,5,15757.01,0
43,348.33,61,15989.68,0
37,223.97,20,9376.42,0
87,697.23,0,8335.7,0
34,248.65,18,12741.28,0
28,169.93,49,21232.14,0
20,111.35,32,8968.57,0
79,594.89,21,22293.28,0
40,277.55,0,32472.13,1
75,547.31,58,13829.37,0
0,0,48,12442.93,0
63,292.12,31,14123.98,0
63,394.15,8,27198.91,0
77,496.76,0,17765.34,0
51,328.88,24,20511.93,0
62,442.67,27,11355.4,0
65,368.33,13,22293.84,0
87,638.92,31,12613.15,0
51,356.79,67,11568.16,1
6,29.77,0,365.09,1
42,268.56,0,19303.79,0
10,68.41,0,2147.25,0
50,375.76,78,12666.67,1
70,497.55,66,24918.49,0
50,320.63,60,19331.57,0
122,818.13,67,19921.11,0
53,351.5,31,9766.09,0
65,470.83,48,8336.27,0
69,612.96,59,12284.95,0
35,232.86,80,19193.08,0
115,890.5,20,8643.85,1
52,388.37,46,20741.66,0
58,325.83,48,15144.7,0
70,430.4,81,15071.46,0
56,415.72,7,16819.71,0
73,419.9,0,18521.67,0
36,285.92,109,19103.31,0
106,690.1,10,38177.32,1
32,269.32,14,15471.54,0
67,356.05,48,19909.97,0
68,509.26,9,22013.43,0
89,594.81,58,25825.08,0
109,788.73,0,17917.6,0
69,470.12,6,11919.35,1
17,136.21,48,24729.33,1
32,220.55,140,10349.31,1
21,112.98,115,24994.41,1
59,452.68,44,22134.61,0
49,379.73,24,17168.5,0
112,659.72,5,26061.78,0
93,580.15,18,21834.91,0
89,615.64,12,21952.01,0
64,339.29,25,12474.76,0
51,376.67,41,21993.5,0
110,734.5,12,16779.36,0
109,732.81,81,9209.17,1
39,297.83,41,19134.12,0
115,826.13,43,37075.18,1
54,386.47,68,27401.56,0
69,449.53,41,11087.66,0
42,295.86,33,10936.11,0
62,364.31,0,13259.5,0
58,398.35,65,12097.96,0
53,370.03,0,32581.16,1
120,858.02,66,10574.2,0
36,206.85,4,16691.2,0
45,304.39,43,16034.41,0
54,395.2,73,18425.77,0
25,180.63,20,6854.94,0
41,273.09,8,25761.38,0
39,261.68,50,14659.47,0
41,275.8,9,10032.39,0
36,297.35,20,24526.88,1
26,201.35,32,9027.27,1
125,897.35,0,38910.01,1
98,703.76,0,20372.37,1
16,101.63,0,2451.9,0
115,679.27,1,28668.4,1
28,187.37,0,4926.14,0
71,537.6,6,14410.81,1
75,532.57,21,22951.19,0
93,534.6,124,21252.19,0
78,569.16,19,16795.58,0
77,503.29,28,15346.17,0
84,580.43,54,8668.24,0
107,836.63,41,25040.17,1
153,1154.53,45,29316.54,1
59,386.74,11,15666.88,0
31,197.82,13,2237.3,0
62,448.76,62,15522.01,0
62,495.89,55,19294.92,0
47,369.4,11,10523.88,0
7,41.27,89,27950.85,1
76,540.84,24,24711.64,0
70,524.67,23,21220.97,0
37,272.38,74,25087.62,0
0,0,30,10703.39,1
30,198.42,0,8189.53,0
25,172.08,30,7023.2,0
86,630.51,54,14496.74,0
18,131.1,9,3198.96,1
25,141.99,84,16150.12,1
82,492,30,22325.63,0
32,241.46,32,10525.11,0
133,820.97,74,21341.49,1
144,931.29,42,30250.66,1
188,1290.22,74,28289.6,1
74,563.59,30,10781.76,0
85,585.62,92,9115.37,1
72,515.66,55,8890.56,0
41,287.26,90,26678.91,0
92,699.74,4,14712.15,0
62,352.66,82,28205.37,0
185,1217.83,17,1444.81,1
184,1203.11,52,43931.39,1
83,564.79,0,11379.32,0
2,11.96,4,1740.1,0
55,429.89,0,12327.99,1
37,290.2,21,10272.33,1
17,121.61,48,28895.09,1
77,547.53,34,21324.16,0
83,608.23,31,24868.23,0
114,758.19,0,33038.2,1
28,159.55,0,14780,0
36,268.66,13,8209.15,0
87,593.27,60,11420.15,0
18,89.56,0,6266.27,0
84,608.53,70,9952.53,0
97,710.26,190,15778.64,1
38,265.04,108,6033.38,0
64,418.58,43,24877.83,0
0,0,173,27431.66,1
30,146.74,20,12045.84,0
156,1044.13,149,26649.18,1
127,862.88,0,22264.42,0
0,0,44,15644.73,1
62,429.23,30,19204.57,0
73,527.27,72,32954.72,1
55,388.18,40,12398.26,0
60,407.95,0,26965.37,0
118,866.87,129,27549.18,1
51,324.88,48,21606.62,0
48,316.55,50,19504.31,0
48,328.14,127,29585.51,1
84,574.03,0,16028.42,0
91,599.3,44,20183.72,0
11,68.95,30,16722.32,0
102,740.28,19,17864.12,0
54,281.79,33,12084.82,0
67,418.25,4,5134.01,0
93,630.74,54,13246.51,0
111,779.82,81,37285.91,1
96,687.67,111,17419.05,0
81,574.8,97,21778.09,0
27,164.14,97,17718.93,1
75,445.67,22,23249.1,0
45,280.7,45,20153,0
33,227.67,0,23528.08,1
134,940.77,56,2921.57,1
25,186.89,4,26911.2,0
50,386.2,20,17963.49,0
66,481.38,58,13059.52,0
53,406.07,50,22709.99,0
98,745,44,27738.28,1
69,511.28,17,11890.72,0
111,728.2,37,14135.23,0
62,423.82,16,8378.35,0
36,282.91,55,22405.02,0
48,301.58,0,5200.13,1
60,444.49,74,9450.19,0
69,429.68,28,17314.66,0
51,427.07,63,13108.17,0
41,301.53,98,13979.53,1
31,232.94,54,20936.26,1
49,294.37,39,19406.6,0
118,797.83,101,12439.35,1
0,0,14,21673.83,1
49,341.42,54,9427.25,0
65,537.53,29,16125.26,0
55,355.09,46,8789.54,0
67,429.33,45,13982.96,0
50,454.46,40,19645.78,0
82,643.82,28,26403.93,1
64,520.31,0,18407.05,0
34,239.76,62,10793.22,0
12,89.21,25,9782.42,1
131,976.35,104,27163.13,1
121,707.92,60,20900.54,0
43,347.42,107,7591.71,1
78,547.94,94,15144.99,1
68,556.88,63,11114.1,0
124,806.93,28,21972.66,1
23,171.55,2,0,1
39,228.78,0,37111.19,1
41,314.89,5,14260.76,0
61,391.04,21,20625.04,0
189,1188.18,172,25142.93,1
25,217.82,13,7637.01,0
85,570.68,85,13052.67,0
28,216.05,41,11946.55,0
88,595.37,21,25291.71,0
27,177.41,16,18660.34,0
77,477.98,0,12517.73,0
99,742.19,35,17626.73,1
86,571.38,86,16127.04,0
27,178.82,86,15802.25,0
1,1,146,20014.23,1
100,662.09,31,17726.01,1
66,373.89,68,14103.14,0
4,46.98,1,0,0
27,171.6,8,6974.14,0
81,531.22,56,17755.06,0
43,303.11,22,17254.17,0
35,224.79,1,8017.23,0
71,479.42,24,19288.43,0
123,854.24,47,19055.86,1
57,372.11,12,18254.09,0
54,419.13,38,26240.86,0
33,215.67,32,0,1
105,737.83,25,6334.28,1
18,143.77,3,7056.09,0
58,428.86,47,24815,0
102,654.92,40,18362.08,0
98,738.62,79,21298.68,0
51,419.89,93,11355.36,0
55,356.03,80,19891.38,0
71,500.65,44,13803.46,0
5,13.39,0,2292.07,0
37,198.12,10,21019.14,0
102,747.02,0,20964.21,0
68,465.63,51,24279.68,0
54,362.64,74,3864.96,1
76,500.53,0,14620.28,0
58,350.29,6,22870.78,0
99,720.6,54,14525.92,0
47,367.09,42,22329.28,0
15,152,14,5144.73,0
45,368.61,0,27530.56,0
44,293.54,51,11816.92,0
43,311.88,65,13085.46,0
52,349.94,42,12150.72,0
60,477.32,0,21214.71,0
26,177.31,57,17222.79,0
69,522.16,9,15834.77,0
76,650.2,20,24430.38,0
94,748.25,8,18241.1,0
77,573.41,45,28489.81,0
21,129.45,162,18021.07,1
33,244.64,0,41587.07,1
76,552.52,27,9793.43,0
55,304.28,40,17395.15,0
88,697.53,48,21408.38,0
109,845.72,0,13893.98,0
53,388.55,40,12804.13,0
56,398.45,4,23682.94,0
69,479.88,27,20346.98,0
46,335.67,26,8376.75,0
34,274.53,13,5762.76,0
82,582.77,65,19612.14,0
59,452.15,47,13053.02,0
10,52.73,56,30974.33,1
7,46.76,9,3762.75,0
25,127.62,12,21932.65,0
64,434.7,47,17700.29,0
32,219.48,25,25587.59,0
110,796.32,119,22339.22,1
83,670.68,54,19679.78,0
84,535.84,38,17595.37,0
114,815.02,178,25104.76,1
74,456.81,27,20700.46,0
29,226,9,11204.59,0
52,337.66,0,17767.29,0
84,616.08,0,19332.61,0
62,468.96,10,28630.32,0
84,550.75,9,26712.89,0
81,506.46,21,7510.09,1
31,264.92,3,23642.25,0
56,354.15,98,8278.77,0
76,549.8,60,9871.13,0
27,147.66,39,7545.04,0
8,45.38,9,10375.99,0
110,719.51,82,13895.91,0
61,395.6,51,16001.36,0
80,489.48,0,9126.45,1
74,523.19,21,16804.32,0
52,396.63,4,7166.28,1
52,385.11,0,17617.43,0
42,282.01,15,15783.07,0
78,398.25,82,17359.52,0
108,812.04,4,24490.28,1
59,420.57,70,25990.33,0
55,446.67,18,18051.48,0
89,511.6,71,27944.09,0
10,83.88,0,2839.69,0
58,443.21,73,17456.68,0
61,351.16,34,19438.92,0
73,442.4,0,21436.39,1
29,210.78,10,7538.76,0
105,876.97,104,15935.21,0
83,529.53,93,13796.44,0
92,596.72,62,21558.02,0
80,530.12,69,16953.51,1
136,990.16,76,21793.84,1
53,243.98,41,0,1
80,606.32,53,14769.88,0
98,749.54,0,8633.32,1
14,91.81,0,23242.01,0
53,400.47,25,18307.71,0
72,490.54,64,12550.98,0
76,598.44,5,14806.27,1
42,319.84,0,15179.6,0
29,211.45,15,24741.25,0
37,291.42,0,16362.24,0
5,44.93,8,6750.87,0
40,252.05,94,20456.39,0
94,644.05,66,23519.17,0
66,478.48,0,16962.58,0
52,412.48,0,15100.16,0
37,320.91,45,16681.43,1
61,503.57,40,15516.59,0
25,171.55,22,11191.22,0
24,163.09,33,22268.51,1
48,344,29,5575.64,0
45,312.8,0,42986.7,1
57,347.29,4,32740.5,0
49,319.24,51,22539.43,0
58,297.71,19,13639.61,0
24,114.01,0,10599.48,0
44,394.88,10,3513.29,0
68,501.1,87,10983.84,1
87,578.57,22,26271.47,1
29,274.41,24,14142.97,0
72,488.61,88,14101.69,0
99,654.24,45,14256.68,0
46,334.29,4,15691.64,0
83,634.31,27,12765.7,0
76,535.01,20,12272.83,0
56,368.11,36,16003.15,0
67,383.97,80,12454.62,0
41,296.8,70,17280.85,0
74,468.26,49,19013.03,1
88,628.31,62,15611.9,0
84,537.57,49,28381.19,0
138,933.86,223,22499.79,1
86,649.85,61,29374.16,1
99,821.91,0,14379.16,0
65,456.42,24,13872.16,0
45,234.98,16,17969.15,0
56,445.61,80,19151.88,0
126,838.33,33,23847,0
43,284.02,38,18407.67,0
81,567.34,11,14121.36,1
98,554.94,54,29488.01,1
88,629.13,38,21326.58,0
5,53.72,0,656.75,1
22,173.96,14,24725.93,0
73,478.97,0,14927.91,1
31,273.11,14,16067.59,0
21,150.41,16,16187.56,0
118,844.52,64,19459.08,1
102,760.64,0,23166,1
70,453.96,52,17087.02,0
104,754.05,134,23558.34,0
70,525.76,52,16133.37,0
67,431.79,5,6287.89,1
44,355.66,33,17906.06,0
75,550.72,55,11258.72,0
19,119.23,4,3870.85,0
60,455.02,25,19608.21,0
32,255.3,0,6590.81,0
85,514.9,0,9296.37,1
50,305.03,0,21391.63,0
69,532.93,21,25615.43,0
76,430.7,34,25138.49,0
26,172.87,16,6431.26,0
84,611.25,10,21493.42,0
115,813.66,81,7957.08,1
39,265.64,34,28899.67,1
34,252.87,26,24550.06,1
90,565.93,99,12935.77,0
60,396.92,20,9262.5,0
88,565.89,43,16868.62,1
115,845.58,130,29289.05,1
50,291.52,68,12643.05,0
59,398.07,24,22574.39,1
59,385.58,40,25013.58,0
35,250.88,23,27306.4,1
18,117.8,0,10006.79,1
66,516.52,0,12404.02,0
48,289.4,84,15696.86,1
35,226.82,36,25107.16,0
110,794.03,122,17415.3,1
1,1.37,0,669.77,0
89,597.54,26,21522.45,0
53,432.38,36,18448.99,0
74,546.21,35,20134.43,0
8,48.36,4,1989.09,0
68,403.58,28,19210.63,0
32,232.3,63,11409.2,0
44,324.86,0,18611.43,0
28,192.23,24,16902.05,0
106,806.68,72,12970.66,0
107,791.73,80,20543.85,0
27,243.4,0,15670.37,1
41,239.53,53,25004.15,1
68,495.76,41,17250.42,0
79,530.97,39,25208.92,1
45,329.42,29,12411.02,0
77,627.88,26,14153.7,0
66,481.78,36,21693.06,0
0,0,24,21626.9,1
1,6.96,56,17956.44,0
68,399.32,0,10204.48,0
80,609.52,23,24968.76,0
182,1225.19,99,13996.26,1
63,402.73,0,14706.16,0
90,646.75,36,31566.11,1
31,176,48,25040.63,0
43,343.88,15,14005.92,0
73,559.08,31,22763.31,0
75,459.14,57,10277.91,0
27,182.9,15,12756.92,0
86,543.59,56,17333,0
66,443.44,43,21871.05,0
134,947.28,67,20160.96,1
79,451.92,0,22439.97,0
26,118.57,146,15109.08,1
59,448.01,0,19685.02,1
49,339.37,26,10780.28,0
92,603.4,40,7818.69,0
32,232.8,13,8507.87,0
75,489.47,7,20478.94,1
38,301.27,37,28914.24,1
46,256.85,68,14600.31,0
16,116,0,10169.88,0
41,312.11,143,20527.32,1
76,524.56,0,5291.1,1
86,553.93,51,13830.48,0
59,420.91,32,10272.49,0
65,396.98,99,15287.76,0
56,355.13,30,9192.92,0
173,1255.32,17,4134.29,1
78,485.84,61,6948.76,0
46,322.23,26,20424.8,0
172,1165.12,159,20430.99,1
1,6.77,10,8313.56,0
45,336.13,56,11348.32,0
32,295.55,73,10968.37,0
44,295.84,0,15043.52,0
37,263.89,113,19808.22,1
29,257.16,44,14456.64,0
42,310.48,3,16462.99,0
86,638.81,37,16139.7,0
94,638.16,56,9050.09,1
51,316.47,88,19055.32,0
29,217.15,46,16933.72,0
103,789.03,0,20679.88,1
101,724.65,64,13229.44,0
95,680.96,44,15326.86,0
5,26.07,106,29923.23,1
82,638.19,0,14626.94,1
97,639.65,31,18147.24,0
0,0,32,16597.13,1
22,175.96,29,14303.32,0
15,84.66,13,4353.73,1
75,510.19,92,14737.33,0
60,443.42,38,22978.02,1
22,126.42,181,22229.61,1
145,993.4,162,23748.91,1
69,538.58,64,28639.49,0
62,436.68,52,12311.24,0
28,166.74,0,15887.44,0
75,551.79,31,20046.45,0
66,516.49,98,26830.49,1
35,312.38,0,33272.81,1
72,512.5,0,21285.79,0
68,489.61,78,15569.78,0
19,135.25,0,14463.84,0
28,222.21,30,22986.3,0
84,553.24,78,42735.18,1
94,730.58,0,12233.03,1
10,69.79,14,31506.71,1
58,396.34,0,35033.6,1
62,378.06,2,8305.09,0
108,798.37,0,8069.96,1
76,564.01,15,22740.62,0
61,395.33,146,15215.51,1
93,730.44,0,20294.9,1
80,462.4,44,17885.44,0
70,489.7,13,10671.53,0
49,390.87,69,15413.9,0
17,115.85,2,7041.49,1
12,93.2,0,9037.67,1
65,431.55,28,17414.4,0
68,443.1,5,6632.6,0
24,189.96,16,15604.37,0
52,375.3,5,20142,0
9,72.66,6,1315.81,1
36,251.64,21,14754.12,0
33,222.1,0,22527.42,0
59,422.12,0,18429.42,0
89,669.06,18,3139.82,1
7,47.02,1,539.37,0
63,407.34,0,14036.72,0
46,314.16,48,16684.31,1
62,380.27,33,12115.87,0
34,171.82,48,20825.97,0
133,949.36,0,19036.43,1
77,521.56,52,15118.85,1
61,402.45,30,23445.31,0
125,835.29,26,23116.04,0
0,0,42,13280.45,1
69,440.74,38,7383.95,0
64,492.13,75,16668.88,0
39,213.16,8,18698.21,0
81,576.32,83,18652.28,0
32,208.49,0,21428.06,0
176,1293.39,38,36497.09,1
40,303.31,0,18838.05,0
51,310.77,22,24936.54,1
72,556.95,7,23486.87,0
62,401.18,47,17199.43,0
34,269.47,44,20102.12,0
10,78.67,8,4986.91,0
79,572.14,9,16602.13,0
57,558.06,40,12270.33,0
56,454.16,60,11953.02,0
93,658.89,38,17655.47,1
46,339.62,83,10494.55,0
35,303.75,36,11617.07,0
58,395.81,77,25859.09,0
60,403.07,17,13519.04,0
49,336.33,130,9777.89,1
56,446.89,0,18944.97,0
80,521.88,0,12851.66,0
108,747.39,96,36266.22,0
34,258.97,107,10294.77,0
72,472.25,23,16076.57,0
43,245.64,6,22861.12,0
45,312.49,0,19797.79,0
32,227.3,79,12972.4,0
67,460.76,27,16626.26,0
110,715.13,30,11008.83,0
55,485.25,32,15774.92,1
69,497.9,16,9867.09,0
82,510.85,0,20154.23,1
0,0,28,11864.26,1
67,560.62,68,16663.57,0
72,411.84,0,10435.47,0
76,484.49,11,22454.35,0
10,61.3,0,958.19,0
164,1192.74,58,27231.16,1
88,523.78,41,23530.12,0
64,475.68,20,8540.27,0
45,316.49,46,21354.67,1
5,40.85,1,0.01,0
54,409.91,40,21692.22,1
61,420.23,26,11597.57,0
43,345.7,58,1981.69,1
97,664.48,78,8177.23,1
29,169.97,33,16555.43,0
54,366.17,59,19497.32,0
72,503.08,56,32528.11,1
62,396.29,0,17621.26,0
31,219.09,26,18407.09,0
93,648.7,0,12458.34,1
85,561.74,66,19989.25,0
78,545.47,19,17611.36,0
40,301.03,102,6057.63,0
32,182.24,131,23932.64,1
48,341.65,0,19000.02,0
62,476.35,40,20215.53,0
42,288.82,103,15987.36,0
39,242.87,11,15370.83,0
65,449.96,10,17448.9,0
85,642.52,64,22592.45,0
76,528.62,61,20397.68,0
134,933.89,91,12468.87,1
101,731.07,125,20223.02,0
23,139.27,16,8674.38,0
35,254.35,14,16351.25,0
60,442.53,0,15707.84,0
58,370.03,29,33526.69,1
42,328.73,61,23573.96,1
86,580.55,33,8289.21,0
13,80.8,9,2861,0
54,349.38,24,18433.42,0
65,401.06,49,19660.4,1
34,278.49,26,23499.29,0
61,377.3,72,12003.47,0
77,528.82,91,15940.73,0
7,68.43,2,4442.16,0
19,97.14,0,15374.6,1
7,64.53,10,1455.51,0
95,731.92,0,17957.23,0
38,277.94,0,17402.54,1
89,649.63,57,15825.71,0
127,974.19,48,17987.98,0
66,396.67,119,24622.91,1
79,582.17,27,21133.31,0
111,721.82,0,13559.68,0
32,238.18,35,13460.58,0
92,610.95,68,20606.76,0
141,1102.88,50,16951.74,0
86,647.6,57,10893.83,1
87,630.01,93,18576.02,0
42,250.35,56,24091.58,0
32,283.13,60,19223.32,0
52,402,33,11410.82,0
80,647.22,46,25063.61,0
100,752.2,4,11412.69,1
61,398.89,24,13495.01,0
120,932.14,6,35497.91,1
77,695.53,0,19981.2,1
24,154.8,0,13011.59,0
93,679.07,61,22704.52,0
22,155.22,13,3082.69,0
72,489.99,83,13889.73,0
40,227.89,38,0,1
10,90.5,15,26316.4,1
2,12.43,48,29724.22,0
37,263.57,0,18802.26,0
52,301.04,7,11662.03,1
82,539.18,46,16021.77,0
62,436.4,89,8495.06,1
111,814.29,112,21169.96,1
99,715.01,0,12532.41,0
180,1219.98,109,19423.77,1
45,292.83,0,11521.98,0
43,296.15,59,15266.71,0
72,530.44,86,17072.7,0
55,397.37,41,17494.52,0
23,163.21,23,18806.07,0
65,489.11,18,10739.04,0
51,318.7,3,18659.17,0
63,472.74,40,23709.86,0
18,118.15,83,11368.77,1
155,1005.94,84,23426.77,1
44,370.76,0,24751.52,1
91,590.9,47,16154.17,0
71,440.13,51,16070.92,0
31,221.93,45,11601.38,0
87,689.11,65,20087.98,0
3,35.47,62,11774.26,1
35,205.35,52,35177.94,1
3,48.74,2,439.62,1
59,432.54,29,13572.96,0
69,422.8,28,25065.1,0
51,360.56,53,19683.68,0
92,662.15,32,27426.21,1
95,598.83,53,15659.79,0
16,101.54,0,2299.74,0
51,375.07,117,6967,0
36,232.88,27,9695.7,0
75,543.44,42,14193.04,0
89,579.17,17,20299.7,0
55,446.06,79,26526.28,0
143,905.06,109,18553.82,1
141,844.7,50,4694.6,1
62,413.42,152,16139.12,1
108,794.96,85,10421.04,1
53,359.13,0,13758.39,0
36,259.79,72,19921.86,0
101,685.87,2,21008.05,1
36,277.79,0,11990.31,0
28,206.89,5,16985.05,0
73,453.9,57,4719.69,1
39,279.73,11,16845.92,0
20,167.3,31,10908.81,0
30,227.41,25,8503.11,0
83,620.75,0,17914.78,0
45,286.43,47,15975.66,0
126,898.98,0,23369.59,0
19,94.19,18,43574.64,1
9,80.82,2,12122.99,0
11,36.65,0,4546.7,1
52,336.34,73,4347.26,1
69,361.07,58,14138.49,0
50,320.56,13,13719.1,0
56,364.36,0,14129.94,0
21,100.66,5,8252.13,0
64,527.71,0,21620.43,0
80,584.75,0,20571.44,0
40,250.37,18,15510.55,0
64,532.52,64,34556.2,1
55,320.35,5,20039.74,0
55,347.15,15,10648.36,0
11,95.75,1,3561,0
68,495.79,35,18135.64,0
45,313.72,38,14234.41,0
85,562.45,0,19633.11,0
81,627.34,56,17266,0
45,300.97,45,17135.44,0
89,643.66,31,18668.2,1
37,262.26,76,20198.02,0
62,466.6,0,17353.48,0
55,369.67,47,11584.49,1
93,639.07,29,26770.62,1
91,549.56,41,26788.18,1
71,528.33,17,19918.66,0
114,859.4,44,14445.3,0
34,257.3,72,19280.1,1
64,464.64,43,11503.6,0
5,39.36,8,1175.75,0
40,269.24,29,8700.81,0
38,239.39,35,26656.24,1
10,62.84,50,27796.65,1
61,448.84,148,19449.18,1
77,507.69,29,15418.55,0
30,225.11,30,12280.81,0
71,499.54,56,9791.01,0
26,169.77,16,11684.21,1
60,480.72,54,11770.17,0
5,37.36,1,407.66,0
88,594.75,15,31015.1,1
46,303.76,13,12624.8,0
76,546.87,0,23189.07,1
76,561.37,28,17107.46,0
74,493.04,30,12763.05,0
83,645.94,25,16673.98,0
138,915.93,133,42626.67,1
60,408.49,0,22010.12,0
5,35.89,6,3147.55,0
97,696.8,137,20085.31,0
54,409.11,43,17989.17,0
91,619.67,26,19183.1,0
9,44.51,12,4829.62,0
74,470.38,80,18412.4,0
17,82.78,17,5577.55,0
78,491.15,26,7497.19,1
29,136.48,0,18100.45,0
46,300.17,100,13432.78,1
68,487.59,45,13544.52,0
64,387.53,0,16690.02,1
94,646.78,2,18383.34,0
71,503.11,11,16504.2,0
77,551.43,56,7694.58,0
53,370.88,82,21276.92,1
90,603.11,6,16294.44,0
54,447.86,26,15890.65,0
26,167.75,22,8673.33,0
64,436.18,0,21915.39,0
67,439.01,20,24095.57,0
77,566.52,20,13180.37,0
86,512.39,34,18459.36,0
84,580.08,130,24932.59,1
108,711.28,22,17609.38,0
80,496.92,19,15212.54,0
67,492.4,16,22783.19,0
174,1104.73,154,28599.74,1
74,506.5,51,13174.87,0
89,648.4,18,4436.91,1
119,781.88,60,5950.32,1
80,555.04,28,28083.58,0
77,495.57,87,42039.01,1
48,353.63,29,24852.78,0
133,1017.19,0,12196.55,1
34,225.78,197,42144.5,1
27,192.98,34,23612.37,0
111,758.66,47,16045.16,0
74,463.12,44,14037.9,0
82,577.47,38,20004.26,0
36,260.94,10,15438.4,0
56,336.17,18,12500.44,0
56,344.7,17,16544.65,0
63,508.7,21,19254.67,1
72,439.92,29,14472.76,0
35,257.09,28,16617.34,0
39,242.71,0,20480.11,0
67,482.28,25,21938,0
96,661.71,24,18080.75,0
46,258.15,24,18208.6,0
47,325.82,20,28775.84,0
69,535.17,70,19913.49,0
57,454.05,13,17220.68,0
73,620.25,0,21098.49,0
40,235.06,32,8778.89,0
31,165.14,134,17600.04,1
39,257.01,52,19450.11,0
91,584.16,62,19374.14,0
64,507.99,0,31265.69,1
92,600.48,88,23056.96,0
27,185.18,49,14795.8,0
52,334.42,7,16456.44,0
66,480.49,26,15355.89,0
113,790.65,0,11063.25,1
124,786.97,73,27387.22,0
16,107.8,0,13907.09,0
36,227.35,25,20406.06,0
65,463.79,23,24868.65,0
126,938.79,28,21644.52,0
48,356.26,0,18212.93,0
97,788.48,0,23525.63,1
102,809.93,0,39195.64,1
70,549.99,32,18243.38,1
63,406.17,0,18052.52,0
8,50.62,4,4333.2,1
54,384.6,59,15811.56,0
64,400.36,20,9958.5,0
69,434.26,0,29724.13,0
96,729.47,27,20890.92,1
19,152.49,6,18306.22,0
9,77.1,1,1810.5,0
47,299.81,37,20653.31,0
79,597.02,57,8961.87,0
83,543.77,0,14035.87,1
83,539.32,33,20967.28,0
56,397.36,31,23876.91,0
66,479.26,20,11500.33,0
29,232.85,85,26395.12,0
31,252.77,21,13556.92,0
155,932.62,77,27627.74,1
118,877.58,15,10242.8,0
65,409.86,72,24977.97,0
52,378.01,1,21618.29,0
108,775.5,75,10121.53,1
20,104.86,17,5426.77,0
71,512.11,10,8897.95,0
71,433.44,0,12611.61,0
58,444.38,42,19477.1,0
49,349.09,60,26380.75,1
41,289.83,15,22151.73,0
109,804.84,17,24407.79,1
82,580.09,96,21463.8,0
73,529.51,0,10785.55,0
133,931.49,79,20299.33,1
71,533.63,21,7455.94,1
32,188.41,78,25113.59,1
63,419.72,0,43325.34,1
126,832.11,75,14550.67,1
74,617.02,69,20878.34,0
8,58.41,0,7568.33,1
15,128.91,6,2241.43,1
37,306.4,2,16032.36,0
35,268.55,71,23313.86,0
55,337.04,31,17762.52,0
145,984.4,109,23160.93,1
74,557.72,3,21895.78,0
41,250.28,6,14495.76,0
46,298.79,39,19376.93,1
46,368.93,116,14808.28,1
89,577.01,17,18245.54,0
104,740.95,0,33702.04,1
54,402.92,53,21925.27,0
244,1632.06,39,9756.91,1
98,560.34,0,8853.22,0
55,372.57,79,27138.53,0
56,429.44,17,19794.75,0
98,761.57,0,21046.27,0
117,814.78,139,26891.98,0
33,233.2,36,20128.4,0
56,382.41,7,14563.8,0
176,1257.79,15,4717.59,1
19,145.13,6,5181.6,1
34,217.72,63,23026.36,0
65,501.81,37,18545.49,0
35,157.42,0,22498.21,0
72,598.97,80,21315.71,0
55,402.17,0,22021.11,1
83,624.81,43,14435.69,0
19,164.76,2,21542.22,0
28,189.39,17,16527.16,0
54,396.41,11,21085.67,0
68,391.55,31,24081.51,0
54,389.88,19,14525.26,0
56,322.67,16,14197.96,0
45,297.11,3,8964.46,1
95,664.7,18,11437.89,0
90,594.42,65,14509.82,0
80,463.68,11,15157.59,0
51,296.04,38,22479.57,0
45,266.2,90,32625.39,1
111,720.97,10,16930.55,1
59,328.33,9,24707.79,0
37,229.12,0,27782.77,1
20,104.02,8,15873.88,0
76,451.09,84,23212.12,0
66,507.37,66,16677.75,0
59,378.25,14,12135.58,0
58,373.66,22,19410.7,0
37,239.04,41,23218.47,0
6,50.95,5,3771.34,0
165,965.74,93,17477.23,1
89,635.86,0,8417.03,1
104,685.18,52,18334.3,0
56,418.38,13,18383.56,0
35,249.35,48,24778.92,0
33,204.03,86,15724.48,0
13,106.7,61,37822.81,1
74,472.44,18,16081.14,0
47,341.32,0,13936.79,0
75,530.55,143,21653.39,0
42,274.71,13,20319.36,0
19,158.87,6,2412.36,0
68,523.56,14,18910.66,0
87,621.03,72,10691.46,0
69,512.66,14,14603.95,0
59,348.5,61,12450.24,0
84,528.27,16,18328.1,0
48,436.16,13,29072.01,0
87,568.92,60,18257.71,0
85,616.14,0,22679.25,1
61,429.99,43,11967.96,0
74,519.58,84,20404.88,0
48,379.99,92,12995.38,0
19,113.72,158,15616.05,1
81,495.5,13,17081.56,0
75,539.43,83,14021.9,1
73,490.89,13,18708.87,0
3,7.87,1,1844.5,0
106,735.9,55,32050.45,1
30,185.07,34,17166.53,0
37,258.09,0,45180.75,1
67,418.75,136,21709.95,1
69,457.3,14,17240.58,0
35,280.77,52,15578.67,0
140,1023.75,35,9031.85,1
90,650.44,65,18448.12,0
60,449.57,0,20700.96,0
73,526.53,2,33886.45,0
47,378.52,47,9804.44,0
66,430.01,26,10542.8,1
58,480.45,35,18911.03,0
73,474.41,65,7512.26,1
53,329.56,2,11397.41,0
69,478.16,66,13055.63,0
56,323.62,38,15729.93,0
60,466.86,43,21617.24,0
53,378.17,24,7136.39,0
8,53.08,34,10879.86,0
10,59.67,8,1849.66,0
57,462.77,21,19672.24,0
25,193.57,0,5529.38,0
4,22.17,42,22635.73,0
28,239.04,24,11962.94,0
176,1205.57,74,33903.3,1
50,357.02,27,15108.03,0
0,0,23,21934.04,1
59,479.59,32,7716.72,0
60,415.56,90,12840.4,0
110,755.55,29,17240.64,1
32,218.95,0,36180.51,1
41,273.4,13,10944.14,0
57,371.55,16,12283.46,0
71,491.14,0,28677.71,1
22,161.37,24,3805.4,1
38,271.43,15,19445.07,0
97,742.03,81,14996.51,0
64,477.92,40,13361.74,0
77,549.07,0,23388.63,1
92,614.41,49,16303.34,1
106,767.58,79,20699.12,0
51,357.94,0,12099.97,0
83,514.59,111,17027.9,0
71,512.53,27,15772.68,0
159,1170.6,71,31194.31,1
43,173.9,60,23233.82,1
36,257.71,25,11425.27,0
39,269.76,5,5208.78,0
62,425.69,79,18444.14,1
44,265.89,89,26019.3,1
86,544.49,68,16555.89,0
33,240.41,26,13067.04,0
45,296.26,75,13121.85,0
46,338.91,49,11787.3,0
90,684.05,23,19864.23,0
96,732.41,40,36878.02,1
94,587.74,26,19213.87,0
70,465.08,38,19819.4,0
69,346.68,53,31014.58,0
82,595.63,42,11437.75,0
84,513.17,0,13772.98,0
46,362.87,8,11446.02,0
123,879.52,0,33383.27,1
96,663.24,24,11277.35,1
42,309.47,33,17946.68,0
68,433.18,90,23446.54,0
57,393.06,9,17985.25,0
106,828.42,124,17406.62,1
70,466.68,38,12924.89,0
44,342.11,25,18110.91,0
78,594.69,8,11551.05,0
34,210.03,49,17071.06,0
55,368.87,5,2123.81,1
31,222.3,65,16914.19,0
74,549.14,20,17160.61,0
70,414.64,0,21102.9,0
77,538.81,69,17753.41,0
94,596.13,63,20943.57,0
42,365,34,11265.49,0
59,433.12,0,15585.53,0
56,364.76,153,19464.21,1
30,155.05,23,21850.31,0
2,20.95,55,22620.65,0
102,795.71,101,8971.35,1
19,150.06,87,16296.44,1
81,532.33,61,7653.43,1
52,314.15,15,2450.04,1
64,362.09,14,14156.14,0
24,180.12,42,9667.4,0
50,350.72,29,29301.67,1
56,458.22,33,19012.75,0
43,343.32,20,6377.68,0
54,412.17,115,13679.08,1
29,141.61,165,18475.48,1
84,538.61,29,31564.31,0
89,662.28,0,14170.07,0
63,478.92,54,23681.93,1
64,486.01,57,20636.19,0
111,834.02,96,12942.02,0
63,543.38,17,17229.84,0
72,513.87,3,15613.77,0
27,166.47,77,19664.2,0
61,452.35,57,20224.4,0
93,603.04,39,26523.98,1
52,371.86,84,9536.33,1
119,823.54,76,18735.17,0
77,519.28,11,11189.95,0
51,410,74,19594.45,1
81,575.14,4,8946.73,1
79,601.67,93,11147.8,1
51,385.72,20,15169.6,0
27,148.89,45,6976.25,1
52,331.84,56,13217.21,0
109,799.75,76,25100.05,1
79,624.38,69,17857.27,0
61,402.34,0,16785.12,0
74,490.74,0,24764.4,0
67,452.95,62,17171.16,0
60,424.22,40,11053.58,0
55,405.57,17,13259.77,0
62,360.65,101,11723.3,0
41,269.1,0,13495.25,0
2,2,157,25482.17,1
49,255.32,0,8413.88,0
77,496.23,25,28647.83,1
25,155.55,98,17856.19,0
125,801.78,0,7517.55,1
67,472.34,36,18123.2,0
98,728.17,53,15680.41,0
44,324.2,12,19830.43,0
28,152.39,21,23045.1,0
67,503.17,25,13295.63,0
38,280.97,41,16853.45,0
74,440.03,1,27350.31,1
76,573.79,25,15675.64,0
60,445.03,117,10231.26,1
38,289.38,0,25212.22,1
96,734.44,78,29498.57,1
128,989.9,6,24999.74,0
143,1155.95,171,15790.19,1
40,239.85,135,21196.74,1
21,130.18,5,9080.99,0
71,485.12,46,16702.03,0
65,489.56,74,19437.57,1
7,17.62,30,20027.83,0
34,279.06,83,13463.84,0
80,545.19,26,14845.81,0
38,257.63,38,13669.66,0
60,370.47,27,15877.8,0
107,697.79,136,23537.37,0
107,733.45,98,10756.78,1
68,513.66,39,21590.91,0
15,93.62,17,34709.12,1
42,249.27,18,18914.88,0
61,517.82,0,20207.5,0
67,482.88,60,22854.12,0
29,215.89,27,18411.29,0
86,595.14,0,9868.54,0
80,554.1,17,10823.78,0
40,253.36,19,18842.65,0
61,450.84,61,13996.76,0
12,86.62,22,36628.85,1
59,405.65,0,13673.9,0
121,901.84,47,24155.08,0
51,391.22,0,23062.38,0
66,475.22,83,6561.24,1
37,226.06,32,18443.5,0
6,42.99,9,12782.92,0
92,746.55,28,11212,1
83,588.95,68,15433.18,0
40,319.05,36,14599.64,0
73,582.47,33,12095.91,0
67,433.41,80,15662.73,0
42,275.13,42,19131.65,1
78,511.2,72,13345.2,0
136,927,101,22268.87,1
22,168.44,16,8787.01,0
43,265.38,49,20000.13,1
65,488.08,12,25301.12,0
16,107.72,16,5289.33,0
56,433.63,22,20869.68,0
163,1139.13,75,11325.96,1
41,276.03,72,2621.83,1
72,517.98,38,19891.31,0
88,464.78,66,15602.34,0
98,709.48,6,21427.87,0
55,385.94,14,21957.93,0
97,651.92,46,29738.88,1
21,188.44,9,7414.17,0
105,711.11,21,24619.57,1
78,485.98,28,22366.48,0
66,387.07,96,18931.48,0
85,490.64,22,26253.89,0
91,582.01,55,16614.04,0
46,309.91,105,6444.87,0
33,229.66,6,7659.15,0
30,236.38,0,11793.47,1
97,605.12,183,35343.15,1
34,246.06,31,8448.76,0
79,528.2,56,11925.48,0
88,666.77,23,13301.36,0
37,292.84,18,4080.59,0
84,590.3,20,25837.4,0
19,128.66,12,2859.7,0
87,667.18,80,10683.75,1
9,29.31,25,28155.4,1
74,589.16,49,17279.27,1
91,607.21,26,33044.85,1
25,217.99,0,11310.87,0
99,664.26,10,20645.71,0
89,673.07,21,14134.45,0
70,443.01,9,13834.84,0
99,755.42,42,16218.21,0
72,415.78,26,12494.21,0
73,560.06,42,24364.87,0
9,28.56,4,2289.7,1
66,450.97,40,18845.97,0
73,511.82,1,13779.45,0
56,356.97,37,15261.1,0
4,32.9,2,1619.61,1
59,388.81,27,19021.86,1
81,535.35,48,17844.66,0
90,738.58,8,22070.76,0
0,0,6,22428,1
52,341.12,31,11099.63,0
59,371.08,130,16645.78,1
69,465.14,78,18234.3,0
45,293.42,81,6674.71,1
68,465.66,40,14477.3,0
67,469.58,63,7952.07,1
96,667.67,43,20902.55,0
15,111.37,4,10856.89,0
142,1035.97,42,31898.66,1
37,211.53,11,14912.46,0
64,465.08,0,22535.2,0
58,467.65,0,19171.85,0
40,300.1,35,0,1
15,102.69,0,2243.66,0
3,14.04,18,7715.28,1
26,215.52,33,30545.02,1
105,640.15,64,5438.98,1
74,518.09,22,20412.62,0
65,387.84,0,17035.25,0
7,77.22,0,3310.05,1
65,467.47,27,12466.55,0
79,593.07,59,21729.19,0
67,447.55,36,13965.71,0
91,548.12,34,19273.26,0
45,256.44,48,18475.29,0
14,100.79,29,5185.2,0
52,346.55,19,16459.11,0
164,1132.94,16,5998.5,1
69,446.01,85,16833.57,0
25,201.38,0,13586.52,0
30,227.7,0,29555.11,1
76,528.42,24,15477.77,0
11,55.91,25,15217.06,0
84,588.71,67,22456.4,0
57,428.23,5,8857.38,1
58,365.9,15,22108.24,1
54,345.87,96,28936.53,1
47,350.9,19,13867.87,0
77,445,100,10518.28,1
43,327.4,69,22164.52,0
48,333.11,91,13643.08,0
42,247.6,50,15239.37,0
74,498.09,97,16471.48,0
73,476.81,90,13738.12,0
106,680.88,2,23760.26,0
87,500.78,63,26115.19,0
118,852.42,75,27207.81,1
95,721.24,36,23219.86,1
102,742.65,58,16089.24,1
51,293.64,42,18679.36,1
95,602.58,88,14199.01,1
10,67.99,4,2961.86,0
95,636.52,6,15190.74,0
68,433.76,37,22221.63,1
76,535.3,94,14139.12,0
88,642.31,170,44296.86,1
59,409.21,31,19638.5,0
50,370.49,35,21672.13,0
41,310.21,16,14083.64,0
89,612.17,38,25867.43,0
66,430.35,24,19005.98,0
57,470.3,88,9346,1
70,426.37,0,18780.23,0
0,0,17,12905.41,1
156,1302.89,105,42320.89,1
109,699.5,0,40736.65,1
65,410.56,0,26756.07,0
50,292.88,37,16415.93,0
18,92.38,0,4060.64,1
39,337.25,0,11700.03,0
97,705.23,30,14103.81,0
78,531.29,20,9217.25,0
28,202.91,37,7723.3,0
43,300.39,69,17277.83,0
3,8.94,135,27752.26,1
58,398.07,30,18080.32,0
117,821.01,39,21225.15,0
80,550.22,97,26865.25,1
0,0,20,17491.66,0
23,135.99,23,19867.72,0
22,139.55,104,13546.99,1
137,899.9,0,10289.26,1
0,0,17,11050.62,0
21,147.36,10,16061.74,0
48,334.49,19,17538.01,0
99,624.84,0,26095,0
128,869.07,0,21723.95,1
80,583.37,58,20898.57,1
80,581.24,60,20897.77,1
127,816.08,1,13313.08,1
56,382.18,12,21071.42,0
100,763.1,32,24118.13,0
5,23.54,55,18539.01,0
0,0,31,12633.89,1
67,500.67,23,8799.48,0
71,465.62,0,17901.45,0
61,460.64,68,13105.3,0
51,385.97,82,23806.66,1
45,270.14,29,0,1
32,165.7,16,8223.87,0
93,672.1,29,36991.59,1
57,317.27,27,13716,0
50,362.53,0,18476.21,0
50,295.6,0,15829.84,0
68,515.74,4,25125.71,1
61,353.2,17,14796.91,0
41,338.52,56,11236.66,0
25,148.65,38,15167.81,0
55,380.93,61,8061.07,0
82,505.08,1,12437.56,0
88,695.98,105,15607.25,0
60,351.44,85,21943.86,0
106,687.91,29,16631.86,0
45,358.45,55,12715.68,0
82,629.14,29,15475.25,0
80,590.22,0,30671,1
67,499.29,10,23124.48,0
46,320.98,70,9817.63,1
66,411.16,22,23415.04,1
74,508.53,27,13752.2,1
123,967.93,0,14194.09,1
45,336.33,34,12583.96,0
35,213.87,15,20097.61,0
12,82.05,0,528.5,0
108,772.08,91,14948.4,0
81,564.04,0,24341.07,0
83,566.78,66,22497.52,1
18,100.2,13,17109.97,0
50,377.58,12,25212.38,0
92,603.33,29,16178.64,0
66,522.07,13,21978.09,0
66,422.91,25,14739.8,0
29,192.59,91,14062.8,0
65,444.1,80,8969.5,1
57,368.96,0,16890.11,0
42,285.25,34,11348.42,0
47,266.14,82,25562.28,0
12,70.63,16,5109.11,0
49,302.43,38,20974.22,0
87,644.13,80,16562.99,0
31,213.57,47,31112.79,1
39,340.01,64,16378.28,0
92,649.92,0,17802.74,0
77,558.31,0,11467.55,0
110,793.01,61,28611.91,1
63,382.32,42,18134.87,0
41,333.41,46,15613.81,0
60,431.56,26,14751.26,0
82,488.33,20,19438.46,1
30,233.27,61,23605.5,1
40,292.2,16,10411.44,0
123,896.24,141,30417.27,1
70,539.81,50,10467.39,0
34,228.07,24,28652.06,1
103,711.94,42,16667.97,0
43,283.76,40,3694.87,1
16,100.87,8,8622.56,0
64,468.21,16,14669.87,0
81,565.14,65,14069.77,0
39,238.81,60,16367.64,0
41,302.61,20,15925.37,0
54,372.12,0,26141.28,0
61,380.56,26,13684.88,0
78,530.57,98,13666.81,0
92,703.35,81,29652.09,1
32,191.51,23,7154.59,0
65,484.58,45,18527.34,0
69,478.93,19,16928.01,0
25,154.46,0,8643.29,0
58,402.1,0,22313.53,0
78,468.29,0,18888.71,0
74,500.45,15,21497.37,0
48,359.71,127,13830.49,0
35,219.89,40,13664.23,0
54,395.75,0,29017.78,1
36,206.01,1,14830.67,0
63,438.19,6,7104.4,0
59,381.49,47,17272.81,0
106,836.27,43,18050.8,0
71,511.4,41,16189.04,0
42,277.25,49,15483.11,0
2,9.9,3,738.13,0
78,500.76,72,8308.17,0
130,935.23,28,14302.07,1
78,553.56,0,14544.55,0
91,610.31,46,23953.48,0
44,250.07,37,0,1
62,400.64,0,17187.89,0
33,238.52,73,17759.94,0
32,239.09,3,16324.07,0
45,329.33,82,18377.13,0
76,523.34,0,16082.38,0
74,561.64,27,23297.82,0
74,468.53,44,17735.84,0
1,0.1,31,10025.34,1
39,278.79,21,11430.52,0
71,448.09,29,11986.31,0
22,120.09,16,9039.57,0
13,60.13,22,29289.67,1
66,456.17,52,7016.49,0
42,249.77,6,24433.18,0
79,592.4,92,19012.44,0
80,454.07,49,15872.88,0
69,475.54,64,12479.22,0
34,244.71,7,10529.97,0
11,77.04,54,31921.99,1
57,341.45,73,14702.49,1
101,768.76,63,19956.84,0
122,783.69,0,17135.4,1
11,71.53,6,3170.83,0
49,400.55,73,13615.57,1
17,91.03,13,2614.07,1
73,484.81,3,16835.99,0
104,738.6,0,15234.68,0
106,838.17,101,9124.65,1
63,409.35,0,4300.48,1
70,494.32,30,14643.11,0
46,372.18,0,27304.11,0
46,360.78,12,12706.94,1
28,198.84,23,20721.23,0
95,597.91,13,13905.34,0
115,795.39,94,11356.9,1
33,208.48,10,13888.33,0
63,435.98,32,18295.22,0
81,509.52,40,27210.4,1
36,294.96,0,12559.44,1
71,507.92,111,20520.4,0
0,0,0,530.78,1
52,337.17,11,13400.4,0
121,797.79,0,25789.68,1
11,105.48,4,5157.33,0
64,513.57,21,16861.47,0
99,678.61,171,34297.22,1
66,460.33,0,15402.88,0
36,199.98,35,28395.82,1
55,388.1,0,6195.54,1
83,509.32,69,19355.79,0
46,336.76,49,10710.72,0
74,546.48,43,15891.21,0
89,627.32,88,16627.19,0
93,727.11,11,17723.74,0
55,381.11,16,17962.59,0
65,432.75,29,15141.04,0
85,537.57,0,9632.36,0
40,286.57,17,17918.75,0
111,782.5,51,38798.13,1
168,1184.93,42,26096.66,1
89,548.43,6,25307.07,1
64,433.68,87,18832.67,0
51,325.48,52,17477.23,0
41,259.52,49,16506.93,0
31,211.06,0,13863.77,0
47,324.43,62,11778.95,0
56,385.68,28,18148.98,0
66,452.06,4,18152.08,0
48,293.06,0,8139.8,1
31,219.84,8,9502.52,0
46,274.28,10,14804.38,0
48,324.37,51,12445.61,0
81,545.28,54,16982.71,0
64,467.46,20,15527.23,0
6,32.49,12,1444.15,1
55,410.65,27,11997.46,0
69,439.39,82,19315.86,1
110,868.26,89,37383.2,1
23,130.53,15,6939.99,0
69,410.5,36,18790.19,0
41,276.97,1,8228.28,0
65,476.09,36,13129.92,0
78,503.55,57,15258.51,0
93,649.53,10,17590.85,0
84,622.6,32,16318.74,0
44,265.53,97,22786.78,0
85,580.8,78,13158.94,0
69,488.4,36,14165.05,0
64,431.79,14,14675.42,0
86,639.94,34,16810.4,0
80,605.93,86,21107.11,0
82,592.77,0,17140.99,1
26,200.09,102,27432.25,1
43,245.32,143,20954.48,1
70,430.16,33,18828.47,0
42,278.63,46,15785.78,0
84,641.87,41,30633.32,1
113,771.95,14,15571.17,1
79,505.5,105,12406,0
71,506.27,98,19864.42,0
87,580.77,28,21995.82,1
37,220.92,25,21376.22,0
100,594.79,23,21323.07,1
72,447.4,105,27873.88,0
50,393.33,14,6557.41,0
35,308,47,11261.12,0
73,430.76,84,26117.92,0
79,537.1,25,21223.37,0
83,621.66,31,14950.81,0
58,401.49,71,28074.34,1
114,731.76,10,25311.22,0
48,344.87,71,15243.85,0
43,305.21,10,26607.42,0
19,165.05,0,9607.85,0
96,661.89,17,4691.69,1
63,422.89,0,9697.05,0
74,540.66,18,12415.1,0
87,609.21,77,18405.39,0
12,53.14,28,11795.89,0
95,646.21,0,9432.93,1
35,259.1,4,14857.57,0
78,514.37,42,16543.09,1
46,329.61,42,13249.14,0
72,357.16,34,20734.74,0
57,363.42,23,16282.29,0
88,669.17,18,17425.05,0
47,232.6,72,20994.96,0
88,598.92,3,17715.02,0
44,322.9,48,20125.98,0
70,557.83,50,15748.87,0
89,660.72,68,11711.54,0
22,151,51,30466.84,1
104,702.47,0,23611.32,0
0,0,55,10858.9,1
56,419.42,59,5177.62,1
19,163.1,10,17999.5,0
53,390.39,85,30550.3,1
86,658.66,47,14153.1,0
59,412.81,16,14105.03,0
76,586.51,54,14345.74,0
17,92.39,2,4299.25,0
164,1016.98,71,17787.52,1
122,910.98,20,35124.9,1
25,190.36,0,3275.61,0
97,634.44,70,13974.06,0
64,462.32,90,31239.78,0
80,566.09,6,29480.52,1
